keyword,gram,,,,,
ํซ,"๋ฏธ๋ํ๊ทธ๋จ, ์ํฌ์ํ๋ฆฌ์ด๊ทธ๋จ, ์ฝ์์คํ๊ทธ๋จ, ์๊ฒฌ์ธ์คํ๊ทธ๋จ, ๊ธธ๊ณ์์ด๊ทธ๋จ, ๊ฐ๋ฅ์ด์คํ๊ทธ๋จ, ๋ณด์คํดํ๋ฆฌ์ด๊ทธ๋จ, ๋ฏธ๋ฌ์คํ๊ทธ๋จ, ๋ฅ์คํ๊ทธ๋จ๐พ, ๊ณ์์ด๊ทธ๋จ๐ป, ์ค๋ฆฌ์คํ๊ทธ๋จ, ๋ํ๊ฒฌ์คํ๊ทธ๋จ, ์๊ฒฌ์คํ๊ทธ๋จ๐ถ, ์ฅ๋ชจ์น์์๊ทธ๋จ, ์๊ธฐ๊ฒฌ๊ทธ๋จ, ์บฃ๊ทธ๋จ, ๊ผฌ๋ฏธ์คํ๊ทธ๋จ, ์ฌ๋ชจ์๋๊ทธ๋จ, ์๋ฐ๊ทธ๋จ, ํ์ฐ์คํ๊ทธ๋จ, ๋ชจ์ฐ์คํ๊ทธ๋จ, ํผํผ์ธ์คํ๊ทธ๋จ, ๋งํฐ์ฆ๊ทธ๋จ๐ถ, ์ต๋ฌด์์คํ๊ทธ๋จ, ๊ฐฑ์ผ์ฅ์คํ๊ทธ๋จ, ํ์ถ์คํ๊ทธ๋จ, ๊ท์ฌ์๊ทธ๋จ, ๊ฐ์คํ๊ทธ๋จ๐พ, ํ์ดํธ๋ค๊ทธ๋จ, ์ง๋๊ฐ๊ทธ๋จ, ์ธ์คํ๋๊ทธ๋จ, ์ฝ์นด์คํ๋์๊ทธ๋จ, ์์๊ฒฌ๊ทธ๋จ, ๋ฐ๋ค์ธ์คํ๊ทธ๋จ, ๋ํ๊ฒฌ๊ทธ๋จ, ๋์ค์คํ๊ทธ๋จ, ์ก๋ฌ์คํ๊ทธ๋จ. ์ํฐ์คํ๊ทธ๋จ, ์๊นฝ์ด๊ทธ๋จ, ๋๋์ด๊ทธ๋จ๐ถ, ์๋์ฐ์๊ทธ๋จ, ํซ์คํ๊ทธ๋จ๐พ, ๊ฐ๋ฆฐ์ด์คํ๊ทธ๋จ, ํผํผ๊ทธ๋จ, ๊ธธ๋ฅ์ด์คํ๊ทธ๋จ, ์ต๋ฌด์๊ทธ๋จ, ๋๋์คํ๊ทธ๋จ, ํฌ๋ฉ๋ผ๋์์คํ๊ทธ๋จ, ์ง์ฌ๊ทธ๋จ๐ฑ, ์๋ฐ๊ฒฌ์คํ๊ทธ๋จ, ์น์น๋ผ๊ทธ๋จ, ์๋๋ฌผ๊ทธ๋จ, ๋๋ง๋ฑ์คํ๊ทธ๋จ, ๋ฉ์คํ๊ทธ๋จ๐, ๋ฏธ๋ํ์คํ๊ทธ๋จ, ๊ฐ์์ง์ผ์์คํ๊ทธ๋จ, ๊ฒฌ์คํ๊ทธ๋จ๐พ, ๋์คํ๊ทธ๋จ๐ถ, ๋ฆฌํธ๋ฆฌ๋ฒ์คํ๊ทธ๋จ, ํ์คํ๊ทธ๋จ๐น, ๋ฉ๋ฉ์ด๊ทธ๋จ๐ถ, ๋๊ทธ์คํ๊ทธ๋จ๐ถ, ๊ฐ์ก์๊ทธ๋จ, ๊ฐ์์คํ๊ทธ๋จ, ์์์คํ๊ทธ๋จ, ๋ง๋ฃจ์คํ๊ทธ๋จ, ๋๋์ด๊ทธ๋จ๐พ, ๋ฐ๋ค๊ฒฌ์คํ๊ทธ๋จ๐พ, ๋ฆฌ๊ทธ๋จํด์ฃผ์ธ์, ์ฐ์์คํ๊ทธ๋จ, ์ธ์คํํซ๊ทธ๋จ, ์๋์ฐ์์คํ๊ทธ๋จ, ์ค๋ฒํธ๋ค๊ทธ๋จ, ์์ถ์คํ๊ทธ๋จ, ๋ฉ๋ญ์ด์คํ๊ทธ๋จ, ์์ด์ฅ๊ทธ๋จ, ๋ชจ๋ชจ์คํ๊ทธ๋จ, ๋งํฐํธ์คํ๊ทธ๋จ, ๊ฒฌ์คํ๊ทธ๋จ๐ถ๐พ, ๋ฅ์คํ๊ทธ๋จ์ด๋ค์น, ๋น๋์คํ๊ทธ๋จ, ์บฃ์คํ๊ทธ๋จ๐ฑ, ์ฅ๋ชจ์น์์์คํ๊ทธ๋จ, ๊ฒฌ์ฃผ๊ทธ๋จ, ๋ฉ๋ญ์คํ๊ทธ๋จ, ๊ณจ๋ํ์คํฐ๊ทธ๋จ, ๋ชจ์ฐ๊ทธ๋จ, ๋ฉ์คํ๊ทธ๋จ๋๊ทธ์คํ๊ทธ๋จ, ์ฐ์์ฝ๊ธฐ์คํ๊ทธ๋จ, ๊ฐฑ์ผ์ฅ๊ทธ๋จ, ํ๋ผ๊ทธ๋จ, ์๋ฐ์ด๋๊ทธ๋จ, ๊ณ์์ด์ง์ฌ๊ทธ๋จ, ๋ฐฑ๊ตฌ์คํ๊ทธ๋จ, ๋ฑ๋ฅ์ด๊ทธ๋จ, ํ์คํฐ๊ทธ๋จ๐น, ๊ฝ๊ฐ์คํ๊ทธ๋จ, ํธ๋ค๊ทธ๋จ๐ฉ, ๊ณ์์ด์ผ์๊ทธ๋จ, ์ดํญ์คํ๊ทธ๋จ, ์ฌ์ฟต์คํ๊ทธ๋จ, ์ง์ฌ์คํ๊ทธ๋จ๐, ๋ถ๋๊ทธ๋จ, ๋ณด๋์ฝ๋ฆฌ์คํ๊ทธ๋จ, ํธ๋ฉ์คํ๊ทธ๋จ, ๋ฅ์์น๊ทธ๋จ, ๋ณ์ด์คํ๊ทธ๋จ, ๊ฐ์ผ์๊ทธ๋จ, ํ๋์น๋ถ๋์คํ๊ทธ๋จ, ํซํธ์กฑ๊ทธ๋จ, ๋ฐ๋ค๊ฒฌ๊ทธ๋จ๐ฉ",,,,,
๋๋ฌผ,"๋ฏธ๋ํ๊ทธ๋จ, ์ํฌ์ํ๋ฆฌ์ด๊ทธ๋จ, ์ฝ์์คํ๊ทธ๋จ, ๋๋ฌผ๊ทธ๋จ, ์๊ฒฌ์ธ์คํ๊ทธ๋จ, ๊ธธ๊ณ์์ด๊ทธ๋จ, ๊ฐ๋ฅ์ด์คํ๊ทธ๋จ, ๋ณด์คํดํ๋ฆฌ์ด๊ทธ๋จ, ๋ฏธ๋ฌ์คํ๊ทธ๋จ, ๋ฅ์คํ๊ทธ๋จ๐พ, ๊ณ์์ด๊ทธ๋จ๐ป, ์ค๋ฆฌ์คํ๊ทธ๋จ, ๋ํ๊ฒฌ์คํ๊ทธ๋จ, ์๊ฒฌ์คํ๊ทธ๋จ๐ถ, ์ฅ๋ชจ์น์์๊ทธ๋จ, ์๊ธฐ๊ฒฌ๊ทธ๋จ, ์บฃ๊ทธ๋จ, ๊ผฌ๋ฏธ์คํ๊ทธ๋จ, ์ฌ๋ชจ์๋๊ทธ๋จ, ์๋ฐ๊ทธ๋จ, ํ์ฐ์คํ๊ทธ๋จ, ๋ชจ์ฐ์คํ๊ทธ๋จ, ํผํผ์ธ์คํ๊ทธ๋จ, ๋งํฐ์ฆ๊ทธ๋จ๐ถ, ์ต๋ฌด์์คํ๊ทธ๋จ, ๊ฐฑ์ผ์ฅ์คํ๊ทธ๋จ, ํ์ถ์คํ๊ทธ๋จ, ๊ท์ฌ์๊ทธ๋จ, ๊ฐ์คํ๊ทธ๋จ๐พ, ํ์ดํธ๋ค๊ทธ๋จ, ์ง๋๊ฐ๊ทธ๋จ, ์ธ์คํ๋๊ทธ๋จ, ์ฝ์นด์คํ๋์๊ทธ๋จ, ์์๊ฒฌ๊ทธ๋จ, ๋ฐ๋ค์ธ์คํ๊ทธ๋จ, ๋ํ๊ฒฌ๊ทธ๋จ, ๋์ค์คํ๊ทธ๋จ, ์ก๋ฌ์คํ๊ทธ๋จ, ์ํฐ์คํ๊ทธ๋จ, ์๊นฝ์ด๊ทธ๋จ, ๋๋์ด๊ทธ๋จ๐ถ, ๋ฌผ์ํ์คํ๊ทธ๋จ, ์๋์ฐ์๊ทธ๋จ, ํซ์คํ๊ทธ๋จ๐พ, ๊ฐ๋ฆฐ์ด์คํ๊ทธ๋จ, ํผํผ๊ทธ๋จ, ๊ธธ๋ฅ์ด์คํ๊ทธ๋จ, ์ต๋ฌด์๊ทธ๋จ, ๋๋์คํ๊ทธ๋จ, ํฌ๋ฉ๋ผ๋์์คํ๊ทธ๋จ, ์ง์ฌ๊ทธ๋จ๐ฑ, ์๋ฐ๊ฒฌ์คํ๊ทธ๋จ, ์น์น๋ผ๊ทธ๋จ, ์๋๋ฌผ๊ทธ๋จ, ๋๋ง๋ฑ์คํ๊ทธ๋จ, ๋ฉ์คํ๊ทธ๋จ๐, ๋ฏธ๋ํ์คํ๊ทธ๋จ, ๊ฐ์์ง์ผ์์คํ๊ทธ๋จ, ๊ฒฌ์คํ๊ทธ๋จ๐พ, ๋์คํ๊ทธ๋จ๐ถ, ๋ฆฌํธ๋ฆฌ๋ฒ์คํ๊ทธ๋จ, ํ์คํ๊ทธ๋จ๐น, ๋ฉ๋ฉ์ด๊ทธ๋จ๐ถ, ๋๊ทธ์คํ๊ทธ๋จ๐ถ, ๊ฐ์ก์๊ทธ๋จ, ๊ฐ์์คํ๊ทธ๋จ, ์์์คํ๊ทธ๋จ, ๋ง๋ฃจ์คํ๊ทธ๋จ, ๋๋์ด๊ทธ๋จ๐พ, ๋ฐ๋ค๊ฒฌ์คํ๊ทธ๋จ๐พ, ๋ฆฌ๊ทธ๋จํด์ฃผ์ธ์, ์ธ์คํํซ๊ทธ๋จ, ์๋์ฐ์์คํ๊ทธ๋จ, ์ค๋ฒํธ๋ค๊ทธ๋จ, ์์ถ์คํ๊ทธ๋จ, ๋ฉ๋ญ์ด์คํ๊ทธ๋จ, ์์ด์ฅ๊ทธ๋จ, ๋ชจ๋ชจ์คํ๊ทธ๋จ, ๋งํฐํธ์คํ๊ทธ๋จ, ๊ฒฌ์คํ๊ทธ๋จ๐ถ๐พ, ๋ฅ์คํ๊ทธ๋จ์ด๋ค์น, ๋น๋์คํ๊ทธ๋จ, ์บฃ์คํ๊ทธ๋จ๐ฑ, ์ฅ๋ชจ์น์์์คํ๊ทธ๋จ, ๊ฒฌ์ฃผ๊ทธ๋จ, ๋ฉ๋ญ์คํ๊ทธ๋จ, ๊ณจ๋ํ์คํฐ๊ทธ๋จ, ๋ชจ์ฐ๊ทธ๋จ, ๋ฉ์คํ๊ทธ๋จ๋๊ทธ์คํ๊ทธ๋จ, ์ฐ์์ฝ๊ธฐ์คํ๊ทธ๋จ, ๊ฐฑ์ผ์ฅ๊ทธ๋จ, ํ๋ผ๊ทธ๋จ, ์๋ฐ์ด๋๊ทธ๋จ, ๊ณ์์ด์ง์ฌ๊ทธ๋จ, ๋ฐฑ๊ตฌ์คํ๊ทธ๋จ, ๋ฑ๋ฅ์ด๊ทธ๋จ, ํ์คํฐ๊ทธ๋จ๐น, ๊ฝ๊ฐ์คํ๊ทธ๋จ, ํธ๋ค๊ทธ๋จ๐ฉ, ๊ณ์์ด์ผ์๊ทธ๋จ, ์ดํญ์คํ๊ทธ๋จ, ์ฌ์ฟต์คํ๊ทธ๋จ, ์ง์ฌ์คํ๊ทธ๋จ๐, ๋ถ๋๊ทธ๋จ, ๋ณด๋์ฝ๋ฆฌ์คํ๊ทธ๋จ, ํธ๋ฉ์คํ๊ทธ๋จ, ๋ฅ์์น๊ทธ๋จ, ๋ณ์ด์คํ๊ทธ๋จ, ๊ฐ์ผ์๊ทธ๋จ, ํ๋์น๋ถ๋์คํ๊ทธ๋จ, ํซํธ์กฑ๊ทธ๋จ, ๋ฐ๋ค๊ฒฌ๊ทธ๋จ๐ฉ",,,,,
๊ฐ,"๋ฏธ๋ํ๊ทธ๋จ, ์ํฌ์ํ๋ฆฌ์ด๊ทธ๋จ, ์๊ฒฌ์ธ์คํ๊ทธ๋จ, ๋ณด์คํดํ๋ฆฌ์ด๊ทธ๋จ, ์ค๋ฆฌ์คํ๊ทธ๋จ, ๋ํ๊ฒฌ์คํ๊ทธ๋จ, ์๊ฒฌ์คํ๊ทธ๋จ๐ถ, ์ฅ๋ชจ์น์์๊ทธ๋จ, ์๊ธฐ๊ฒฌ๊ทธ๋จ, ๊ผฌ๋ฏธ์คํ๊ทธ๋จ, ์ฌ๋ชจ์๋๊ทธ๋จ, ์๋ฐ๊ทธ๋จ, ๋ชจ์ฐ์คํ๊ทธ๋จ, ํผํผ์ธ์คํ๊ทธ๋จ, ๋งํฐ์ฆ๊ทธ๋จ๐ถ, ๊ฐฑ์ผ์ฅ์คํ๊ทธ๋จ, ํ์ถ์คํ๊ทธ๋จ, ๊ท์ฌ์๊ทธ๋จ, ๊ฐ์คํ๊ทธ๋จ๐พ, ํ์ดํธ๋ค๊ทธ๋จ, ์ง๋๊ฐ๊ทธ๋จ, ์ธ์คํ๋๊ทธ๋จ, ์ฝ์นด์คํ๋์๊ทธ๋จ, ์์๊ฒฌ๊ทธ๋จ, ๋ฐ๋ค์ธ์คํ๊ทธ๋จ, ๋ํ๊ฒฌ๊ทธ๋จ, ์ํฐ์คํ๊ทธ๋จ, ๋๋์ด๊ทธ๋จ๐ถ, ์๋์ฐ์๊ทธ๋จ, ํซ์คํ๊ทธ๋จ๐พ, ๊ฐ๋ฆฐ์ด์คํ๊ทธ๋จ, ํผํผ๊ทธ๋จ, ํฌ๋ฉ๋ผ๋์์คํ๊ทธ๋จ, ์๋ฐ๊ฒฌ์คํ๊ทธ๋จ, ์๋๋ฌผ๊ทธ๋จ, ๋ฉ์คํ๊ทธ๋จ๐, ๋ฏธ๋ํ์คํ๊ทธ๋จ, ๊ฐ์์ง์ผ์์คํ๊ทธ๋จ, ๊ฒฌ์คํ๊ทธ๋จ๐พ, ๋์คํ๊ทธ๋จ๐ถ, ๋ฆฌํธ๋ฆฌ๋ฒ์คํ๊ทธ๋จ, ๋ฉ๋ฉ์ด๊ทธ๋จ๐ถ, ๋๊ทธ์คํ๊ทธ๋จ๐ถ, ๊ฐ์ก์๊ทธ๋จ, ์์์คํ๊ทธ๋จ, ๋๋์ด๊ทธ๋จ๐พ, ๋ฐ๋ค๊ฒฌ์คํ๊ทธ๋จ๐พ, ๋ฆฌ๊ทธ๋จํด์ฃผ์ธ์, ์ธ์คํํซ๊ทธ๋จ, ์๋์ฐ์์คํ๊ทธ๋จ, ์ค๋ฒํธ๋ค๊ทธ๋จ, ์์ถ์คํ๊ทธ๋จ, ๋ฉ๋ญ์ด์คํ๊ทธ๋จ, ์์ด์ฅ๊ทธ๋จ, ๋งํฐํธ์คํ๊ทธ๋จ,๊ฒฌ์คํ๊ทธ๋จ๐ถ๐พ, ์ฅ๋ชจ์น์์์คํ๊ทธ๋จ, ๊ฒฌ์ฃผ๊ทธ๋จ, ๋ฉ๋ญ์คํ๊ทธ๋จ, ๋ฉ์คํ๊ทธ๋จ๋๊ทธ์คํ๊ทธ๋จ, ์ฐ์์ฝ๊ธฐ์คํ๊ทธ๋จ, ๊ฐฑ์ผ์ฅ๊ทธ๋จ, ์๋ฐ์ด๋๊ทธ๋จ, ๋ฐฑ๊ตฌ์คํ๊ทธ๋จ, ๊ฝ๊ฐ์คํ๊ทธ๋จ, ํธ๋ค๊ทธ๋จ๐ฉ, ์ฌ์ฟต์คํ๊ทธ๋จ, ๋ถ๋๊ทธ๋จ, ๋ณด๋์ฝ๋ฆฌ์คํ๊ทธ๋จ, ๊ฐ์ผ์๊ทธ๋จ, , ํ๋์น๋ถ๋์คํ๊ทธ๋จ, ํซํธ์กฑ๊ทธ๋จ, ๋ฐ๋ค๊ฒฌ๊ทธ๋จ๐ฉ",,,,,
๊ณ์์ด,"์ฝ์์คํ๊ทธ๋จ, ๊ธธ๊ณ์์ด๊ทธ๋จ, ๊ฐ๋ฅ์ด์คํ๊ทธ๋จ, ๋ฏธ๋ฌ์คํ๊ทธ๋จ, ๋ฅ์คํ๊ทธ๋จ๐พ, ๊ณ์์ด๊ทธ๋จ๐ป, ์บฃ๊ทธ๋จ, ํ์ถ์คํ๊ทธ๋จ, ๋ฐ๋ค์ธ์คํ๊ทธ๋จ, ๋์ค์คํ๊ทธ๋จ, ์ก๋ฌ์คํ๊ทธ๋จ, ์๊นฝ์ด๊ทธ๋จ, ํซ์คํ๊ทธ๋จ๐พ, ๊ธธ๋ฅ์ด์คํ๊ทธ๋จ, ๋๋์คํ๊ทธ๋จ, ์ง์ฌ๊ทธ๋จ๐ฑ, ์๋๋ฌผ๊ทธ๋จ, ์์์คํ๊ทธ๋จ, ๋ฆฌ๊ทธ๋จํด์ฃผ์ธ์, ์ธ์คํํซ๊ทธ๋จ, ๋ฅ์คํ๊ทธ๋จ์ด๋ค์น, ์บฃ์คํ๊ทธ๋จ๐ฑ, ์ก์์ก๋ฌ๊ทธ๋จ, ๊ณ์์ด์ง์ฌ๊ทธ๋จ, ๋ฑ๋ฅ์ด๊ทธ๋จ, ๊ณ์์ด์ผ์๊ทธ๋จ, ์ฌ์ฟต์คํ๊ทธ๋จ, ์ง์ฌ์คํ๊ทธ๋จ๐, ๋ฅ์์น๊ทธ๋จ, ํซํธ์กฑ๊ทธ๋จ",,,,,
์์๋๋ฌผ,"๋ฏธ๋ํ๊ทธ๋จ, ์ํฌ์ํ๋ฆฌ์ด๊ทธ๋จ, ์ฝ์์คํ๊ทธ๋จ, ์๊ฒฌ์ธ์คํ๊ทธ๋จ, ๊ธธ๊ณ์์ด๊ทธ๋จ, ๊ฐ๋ฅ์ด์คํ๊ทธ๋จ, ๋ณด์คํดํ๋ฆฌ์ด๊ทธ๋จ, ๋ฏธ๋ฌ์คํ๊ทธ๋จ, ๋ฅ์คํ๊ทธ๋จ๐พ, ๊ณ์์ด๊ทธ๋จ๐ป, ์ค๋ฆฌ์คํ๊ทธ๋จ, ๋ํ๊ฒฌ์คํ๊ทธ๋จ, ์๊ฒฌ์คํ๊ทธ๋จ๐ถ, ์ฅ๋ชจ์น์์๊ทธ๋จ, ์๊ธฐ๊ฒฌ๊ทธ๋จ, ์บฃ๊ทธ๋จ, ๊ผฌ๋ฏธ์คํ๊ทธ๋จ, ์ฌ๋ชจ์๋๊ทธ๋จ, ์๋ฐ๊ทธ๋จ, ํ์ฐ์คํ๊ทธ๋จ, ๋ชจ์ฐ์คํ๊ทธ๋จ, ํผํผ์ธ์คํ๊ทธ๋จ, ๋งํฐ์ฆ๊ทธ๋จ๐ถ, ์ต๋ฌด์์คํ๊ทธ๋จ, ๊ฐฑ์ผ์ฅ์คํ๊ทธ๋จ, ํ์ถ์คํ๊ทธ๋จ, ๊ท์ฌ์๊ทธ๋จ, ๊ฐ์คํ๊ทธ๋จ๐พ, ํ์ดํธ๋ค๊ทธ๋จ, ์ง๋๊ฐ๊ทธ๋จ, ์ธ์คํ๋๊ทธ๋จ, ์ฝ์นด์คํ๋์๊ทธ๋จ, ์์๊ฒฌ๊ทธ๋จ, ๋ฐ๋ค์ธ์คํ๊ทธ๋จ, ๋ํ๊ฒฌ๊ทธ๋จ, ๋์ค์คํ๊ทธ๋จ, ์ก๋ฌ์คํ๊ทธ๋จ, ์ํฐ์คํ๊ทธ๋จ, ์๊นฝ์ด๊ทธ๋จ, ๋๋์ด๊ทธ๋จ๐ถ, ์๋์ฐ์๊ทธ๋จ, ํซ์คํ๊ทธ๋จ๐พ, ๊ฐ๋ฆฐ์ด์คํ๊ทธ๋จ, ํผํผ๊ทธ๋จ, ๊ธธ๋ฅ์ด์คํ๊ทธ๋จ, ์ผ์์ํ๊ทธ๋จ, ์ต๋ฌด์๊ทธ๋จ, ๋๋์คํ๊ทธ๋จ, ํฌ๋ฉ๋ผ๋์์คํ๊ทธ๋จ, ์ง์ฌ๊ทธ๋จ๐ฑ, ์๋ฐ๊ฒฌ์คํ๊ทธ๋จ, ์น์น๋ผ๊ทธ๋จ, ์๋๋ฌผ๊ทธ๋จ, ๋๋ง๋ฑ์คํ๊ทธ๋จ, ๋ฉ์คํ๊ทธ๋จ๐, ๋ฏธ๋ํ์คํ๊ทธ๋จ, ๊ฐ์์ง์ผ์์คํ๊ทธ๋จ, ๊ฒฌ์คํ๊ทธ๋จ๐พ, ๋์คํ๊ทธ๋จ๐ถ, ๋ฆฌํธ๋ฆฌ๋ฒ์คํ๊ทธ๋จ, ํ์คํ๊ทธ๋จ๐น, ๋ฉ๋ฉ์ด๊ทธ๋จ๐ถ, ๋๊ทธ์คํ๊ทธ๋จ๐ถ, ๊ฐ์ก์๊ทธ๋จ, ๊ฐ์์คํ๊ทธ๋จ, ์์์คํ๊ทธ๋จ, ๋ง๋ฃจ์คํ๊ทธ๋จ, ๋๋์ด๊ทธ๋จ๐พ, ๋ฐ๋ค๊ฒฌ์คํ๊ทธ๋จ๐พ, ๋ฆฌ๊ทธ๋จํด์ฃผ์ธ์, ์ฐ์์คํ๊ทธ๋จ, ์ธ์คํํซ๊ทธ๋จ, ์๋์ฐ์์คํ๊ทธ๋จ, ์ค๋ฒํธ๋ค๊ทธ๋จ, ์์ถ์คํ๊ทธ๋จ, ๋ฉ๋ญ์ด์คํ๊ทธ๋จ, ์์ด์ฅ๊ทธ๋จ, ๋ชจ๋ชจ์คํ๊ทธ๋จ, ๋งํฐํธ์คํ๊ทธ๋จ, ๊ฒฌ์คํ๊ทธ๋จ๐ถ๐พ, ๋ฅ์คํ๊ทธ๋จ์ด๋ค์น, ๋น๋์คํ๊ทธ๋จ, ์บฃ์คํ๊ทธ๋จ๐ฑ, ์ฅ๋ชจ์น์์์คํ๊ทธ๋จ, ๊ฒฌ์ฃผ๊ทธ๋จ, ๋ฉ๋ญ์คํ๊ทธ๋จ, ๊ณจ๋ํ์คํฐ๊ทธ๋จ, ๋ชจ์ฐ๊ทธ๋จ, ๋ฉ์คํ๊ทธ๋จ๋๊ทธ์คํ๊ทธ๋จ, ์ฐ์์ฝ๊ธฐ์คํ๊ทธ๋จ, ๊ฐฑ์ผ์ฅ๊ทธ๋จ, ํ๋ผ๊ทธ๋จ, ์๋ฐ์ด๋๊ทธ๋จ, ๊ณ์์ด์ง์ฌ๊ทธ๋จ, ๋ฐฑ๊ตฌ์คํ๊ทธ๋จ, ๋ฑ๋ฅ์ด๊ทธ๋จ, ํ์คํฐ๊ทธ๋จ๐น, ๊ฝ๊ฐ์คํ๊ทธ๋จ, ํธ๋ค๊ทธ๋จ๐ฉ, ๊ณ์์ด์ผ์๊ทธ๋จ, ์ดํญ์คํ๊ทธ๋จ, ์ฌ์ฟต์คํ๊ทธ๋จ, ์ง์ฌ์คํ๊ทธ๋จ๐, ๋ถ๋๊ทธ๋จ, ๋ณด๋์ฝ๋ฆฌ์คํ๊ทธ๋จ, ํธ๋ฉ์คํ๊ทธ๋จ, ๋ฅ์์น๊ทธ๋จ, ๋ณ์ด์คํ๊ทธ๋จ, ๊ฐ์ผ์๊ทธ๋จ, , ํ๋์น๋ถ๋์คํ๊ทธ๋จ, ํซํธ์กฑ๊ทธ๋จ, ๋ฐ๋ค๊ฒฌ๊ทธ๋จ๐ฉ",,,,,
๋ผ์ดํ,"์ถ์์คํ๊ทธ๋จ, ๋ช์์คํ๊ทธ๋จ, ์ํด์คํ๊ทธ๋จ, ๋ด์ฌ์คํ๊ทธ๋จ, ์์ผ์คํ๊ทธ๋จ๐, ์์ผ์ถํ๊ทธ๋จ, ์ํ์คํ๊ทธ๋จ, ๋ํผ์์ฐ๋ค๊ทธ๋จ, ์ฐ๋ง์คํ๊ทธ๋จ, ํ๊ฐ์คํ๊ทธ๋จ, ๊ฒฐํผ๊ทธ๋จ, ์ฑ๊ณต์คํ๊ทธ๋จ",,,,,
์ผ์,"์ด์์คํ๊ทธ๋จ, ๋น์จ๋ค๊ทธ๋จ, ์ด์๊ทธ๋จ, ์ผ์์คํ๊ทธ๋จ๋ฐ์ผ๋ฆฌ, ๋ฐฑ์์คํ๊ทธ๋จ, ์ธ์์คํ๊ทธ๋จ, ํผ๊ณค์คํ๊ทธ๋จ, ๋๋์๊ทธ๋จ, ์์ฌ์คํ๊ทธ๋จ, ์ฃผ๋ถ์ผ์๊ทธ๋จ, ๋ฐ์ผ๋ฆฌ์ธ์คํ๊ทธ๋จ, ์ผ์์ผ๊ทธ๋จ, ๋ฝ์คํฐ๊ทธ๋จ, ๋ฌ๋ธ๋ฆฌ๊ทธ๋จ, ์ด์์คํ๊ทธ๋จ, ์ํ๊ทธ๋จ, ์๊ธฐ์ผ์๊ทธ๋จ, ๋ฒํ์คํ๊ทธ๋จ, ์ผ์๊ทธ๋จ๐ฟ, ์ถ๊ทผ๊ธธ๊ทธ๋จ, ์๋ฒฝ๊ทธ๋จ, ์์ผ์คํ๊ทธ๋จ, ์ธ์ถ์คํ๊ทธ๋จ, ์ค์๊ฐ๊ทธ๋จ, ๋๋ค์คํ๊ทธ๋จ, ์ผ์์คํ๊ทธ๋จ๐ซ, ์ผ์๊ทธ๋จโ, ๋ฐ์ผ๋ฆฌ๊ทธ๋จdaily, ํ์์ผ๊ทธ๋จ, ์์ฃผ์ผ์์คํ๊ทธ๋จ, ์ถ๊ทผ๊ทธ๋จ, ์ธ์ธ๊ทธ๋จ, ํ์์ผ๊ทธ๋จ, ์์ฌ๊ทธ๋จ, ๋ฐ์ผ๋ฆฌ์คํ๊ทธ๋จ๐, ๋ชจ๋๊ทธ๋จ, ๊ธ์์ผ๊ทธ๋จ, ํ์ฌ์์คํ๊ทธ๋จ, ํด๋ฌด๊ทธ๋จ, ์ธ์คํ๋ฐ์ผ๋ฆฌ๊ทธ๋จ, ์ฌ์ฌ์คํ๊ทธ๋จ, ๋ฌด๋น์คํ๊ทธ๋จ๐ฌ, ๋์จ๊ทธ๋จ, ์ํ์คํ๊ทธ๋จ, ํํฐ๊ทธ๋จ, ์์์ผ๊ทธ๋จ, ๋ถ์๊ธฐ๊ทธ๋จ, ํ์ผ๊ทธ๋จ, ๋ํผ์์ฐ๋ค๊ทธ๋จ, ์ผ์๊ธฐ๋ก๊ทธ๋จ, ์์์ผ๊ทธ๋จ, ํ๋ฃจ๊ทธ๋จ, ์ถ๊ทผ๋ฃฉ๊ทธ๋จ, ๋ฐ์ผ๋ฆฌ๊ทธ๋จ๐, ์ผ์๊ทธ๋จ๐ท, ์์ฃผ๋๋ฏผ๊ทธ๋จ",,,,,
์ฃผ๋ง,"์ถ์ตํ์ด๊ทธ๋จ, ์ฐํด๊ทธ๋จ, ์ผ์์ผ๊ทธ๋จ, ์ฃผ์ผ์คํ๊ทธ๋จ, ์ฃผ๋ง์คํ๊ทธ๋จ๐, ์ฃผ๋ง์คํ๊ทธ๋จ๐, ์ฃผ๋ง์ก์๊ทธ๋จ, ํ์์ผ๊ทธ๋จ, ๊ธ์์ผ๊ทธ๋จ, ํด๋ฌด๊ทธ๋จ, ๋ถํ์คํ๊ทธ๋จ",,,,,
์์ฌ,"์์ฌ๊ทธ๋จ, ๋ง์งํฌ์ด๊ทธ๋จ, ์ธ์๊ทธ๋จ, ๋๋ฉด์คํ๊ทธ๋จ, ๋ง์คํ๊ทธ๋จ๐ด, ์ค์์คํ๊ทธ๋จ, ๋ง์คํ๊ทธ๋จ๊ฟ๋๋ฌด, ๋จน๊ณ์ถ๋ค๊ทธ๋จ, ํ์์คํ๊ทธ๋จ, ์์ฌ์คํ๊ทธ๋จ, ๋ฒ๊ฑฐ์คํ๊ทธ๋จ, ์ผ๊ฒน์ด๊ทธ๋จ, ํ์ฐ์คํ๊ทธ๋จ, ๋ทํ์คํ๊ทธ๋จ, ๋จน์คํฐ๊ทธ๋จ, ๋ผ๋ฉ์คํ๊ทธ๋จ, ๋จน๋ณด๊ทธ๋จ, ๋ผ์คํ๊ทธ๋จ, ์ฅ๋ณด๊ธฐ๊ทธ๋จ, ๋ธ๋ฐ์น๊ทธ๋จ, ๋จน๋ฐฉ์คํ๊ทธ๋จ๐ด, ์ฐ์ด์คํ๊ทธ๋จ, ๋จน๋๋ค๊ทธ๋จ, ๊ตญ๋ฐฅ์คํ๊ทธ๋จ, ๋ง์์ด์๊ทธ๋จ, ๋จน์คํ๊ทธ๋จ๐, ๊ตญ์์คํ๊ทธ๋จ, ์ฐธ์น์คํ๊ทธ๋จ, ๋ธ๋ฐ์น์คํ๊ทธ๋จ, ์งฌ๋ฝ์คํ๊ทธ๋จ, ๋ฐฐ๋ถ๋ฅด๋ค๊ทธ๋จ๐ท, ์ํ์คํ๊ทธ๋จ, ๋จน์ค๋ค๊ทธ๋จ, ์นํจ๊ทธ๋จ, ์์์คํ๊ทธ๋จ๐ด, ์์ฐ์คํ๊ทธ๋จ, ๋๋จน๊ณ์ถ๋ค๊ทธ๋จ, ํ๋ฒ๊ฑฐ์คํ๊ทธ๋จ, ํ๋ฒ๊ฑฐ๊ทธ๋จ, ๋ง๋๊ทธ๋จ, ํผ์๊ทธ๋จ, ๋ง์คํ๊ทธ๋จ์์๋, ์๊ณ๊ธฐ์คํ๊ทธ๋จ, ์กด๋ง์คํ๊ทธ๋จ, ๋ง์ง์ถ์ฒ๊ทธ๋จ, ๊ฐ๋น์คํ๊ทธ๋จ, ์๋์์น๊ทธ๋จ, ๋ง์คํ๊ทธ๋จ์, ๋จน์คํ๊ทธ๋จ๊ฟ๋๋ฌด๐ณ, ๋ง์คํ๊ทธ๋จ๊ทธ๋จ, ๋จน๋นต๊ทธ๋จ, ์นด๋์คํ๊ทธ๋จ, ๋ง์๋ค๊ทธ๋จ๐, ์๋์คํ๊ทธ๋จ, ํ์ฟก๊ทธ๋จ, ๋ฐฐ๊ณํ์๊ทธ๋จ, ๋จน์คํ๊ทธ๋จ๐, ๊ณ๊ธฐ์คํ๊ทธ๋จ๐, ๋๋๋ง์ง์ธ์คํ๊ทธ๋จ, ๋ผ์ง์คํ๊ทธ๋จ๐ท, ๋ง์คํ๊ทธ๋จ๋จน์คํ๊ทธ๋จ๐ฒ๐๐๐ก๐๐, ์๊ณ๊ธฐ๊ทธ๋จ, ๋ง๋๊ทธ๋จ, ๋จน์๋ค๊ทธ๋จ, ์ฐ๊ฐ์คํ๊ทธ๋จ, ์ํ์คํ๊ทธ๋จ, ์น๊ตฌ๋๋จน์คํ๊ทธ๋จ, ๋ง๋๋ค๊ทธ๋จ๐, ์ผ๊ฒน์ด์คํ๊ทธ๋จ, ๋ฐ์น์คํ๊ทธ๋จ, ํธ์์๊ทธ๋จ, ์ค์์คํ๊ทธ๋จ",,,,,
์๋,"๋ง์งํฌ์ด๊ทธ๋จ, ์์ฃผ๊ทธ๋จ, ์ธ์๊ทธ๋จ, ๋๋ฉด์คํ๊ทธ๋จ, ๋ง์คํ๊ทธ๋จ๐ด, ์ค์์คํ๊ทธ๋จ, ๋ง์คํ๊ทธ๋จ๊ฟ๋๋ฌด, ๋จน๊ณ์ถ๋ค๊ทธ๋จ, ํ์์คํ๊ทธ๋จ, ์์ฌ์คํ๊ทธ๋จ, ๋ฒ๊ฑฐ์คํ๊ทธ๋จ, ์ผ๊ฒน์ด๊ทธ๋จ, ํ์ฐ์คํ๊ทธ๋จ, ๋ทํ์คํ๊ทธ๋จ, ๋จน์คํฐ๊ทธ๋จ, ๋ผ๋ฉ์คํ๊ทธ๋จ, ๋จน๋ณด๊ทธ๋จ, ๋ผ์คํ๊ทธ๋จ, ์ฅ๋ณด๊ธฐ๊ทธ๋จ, ๋จน๋ฐฉ์คํ๊ทธ๋จ๐ด, ์ฐ์ด์คํ๊ทธ๋จ, ๋จน๋๋ค๊ทธ๋จ, ๊ตญ๋ฐฅ์คํ๊ทธ๋จ, ๋ง์์ด์๊ทธ๋จ, ๋จน์คํ๊ทธ๋จ๐, ๊ตญ์์คํ๊ทธ๋จ, ์ฐธ์น์คํ๊ทธ๋จ, ์งฌ๋ฝ์คํ๊ทธ๋จ, ๋ฐฐ๋ถ๋ฅด๋ค๊ทธ๋จ๐ท, ์ํ์คํ๊ทธ๋จ, ๋จน์ค๋ค๊ทธ๋จ, ์นํจ๊ทธ๋จ, ์์์คํ๊ทธ๋จ๐ด, ์์ฐ์คํ๊ทธ๋จ, ๋๋จน๊ณ์ถ๋ค๊ทธ๋จ, ํ๋ฒ๊ฑฐ์คํ๊ทธ๋จ, ํ๋ฒ๊ฑฐ๊ทธ๋จ, ๋ง๋๊ทธ๋จ, ํผ์๊ทธ๋จ, ๋ง์คํ๊ทธ๋จ์์๋, ์๊ณ๊ธฐ์คํ๊ทธ๋จ, ์กด๋ง์คํ๊ทธ๋จ, ๋ง์ง์ถ์ฒ๊ทธ๋จ, ๊ฐ๋น์คํ๊ทธ๋จ, ์๋์์น๊ทธ๋จ, ๋ง์คํ๊ทธ๋จ์, ๋จน์คํ๊ทธ๋จ๊ฟ๋๋ฌด๐ณ, ๋ง์คํ๊ทธ๋จ๊ทธ๋จ, ๋จน๋นต๊ทธ๋จ, ์นด๋์คํ๊ทธ๋จ, ๋ง์๋ค๊ทธ๋จ๐, ์๋์คํ๊ทธ๋จ, ํ์ฟก๊ทธ๋จ, ๋ฐฐ๊ณํ์๊ทธ๋จ, ๋จน์คํ๊ทธ๋จ๐, ๊ณ๊ธฐ์คํ๊ทธ๋จ๐, ์๋์์ฌ๊ทธ๋จ, ๋๋๋ง์ง์ธ์คํ๊ทธ๋จ, ๋ผ์ง์คํ๊ทธ๋จ๐ท, ๋ง์คํ๊ทธ๋จ๋จน์คํ๊ทธ๋จ๐ฒ๐๐๐ก๐๐, ์๊ณ๊ธฐ๊ทธ๋จ, ๋ง๋๊ทธ๋จ, ๋จน์๋ค๊ทธ๋จ, ์ฐ๊ฐ์คํ๊ทธ๋จ, ์ํ์คํ๊ทธ๋จ, ์น๊ตฌ๋๋จน์คํ๊ทธ๋จ, ๋ง๋๋ค๊ทธ๋จ๐, ์ผ๊ฒน์ด์คํ๊ทธ๋จ, ํธ์์๊ทธ๋จ, ์ค์์คํ๊ทธ๋จ",,,,,
์๋ฆฌ,"๋ง์งํฌ์ด๊ทธ๋จ, ์ฟํน์คํ๊ทธ๋จ, ์์ฃผ๊ทธ๋จ, ์์นจ๋ฐฅ์คํ๊ทธ๋จ, ์ธ์๊ทธ๋จ, ๋๋ฉด์คํ๊ทธ๋จ, ๋ง์คํ๊ทธ๋จ๐ด, ์ค์์คํ๊ทธ๋จ, ๋ง์คํ๊ทธ๋จ๊ฟ๋๋ฌด, ๋จน๊ณ์ถ๋ค๊ทธ๋จ, ํ์์คํ๊ทธ๋จ, ์์ฌ์คํ๊ทธ๋จ, ๋ฒ๊ฑฐ์คํ๊ทธ๋จ, ์ผ๊ฒน์ด๊ทธ๋จ, ํ์ฐ์คํ๊ทธ๋จ, ๋ทํ์คํ๊ทธ๋จ, ๊น์น์คํ๊ทธ๋จ, ์ง๋ฐฅ์คํ๊ทธ๋จ๐ก, ๋ฐ์ฐฌ๊ทธ๋จ, ๋จน์คํฐ๊ทธ๋จ, ๋ผ๋ฉ์คํ๊ทธ๋จ, ๋จน๋ณด๊ทธ๋จ, ๋ผ์คํ๊ทธ๋จ, ์ฅ๋ณด๊ธฐ๊ทธ๋จ, ์๋ฆฌ์ฌ๊ทธ๋จ, ๋ธ๋ฐ์น๊ทธ๋จ, ํ๋ฒ์ดํน์คํ๊ทธ๋จ, ๋จน๋ฐฉ์คํ๊ทธ๋จ๐ด, ์ฐ์ด์คํ๊ทธ๋จ, ๋จน๋๋ค๊ทธ๋จ, ๊ตญ๋ฐฅ์คํ๊ทธ๋จ, ๋ง์์ด์๊ทธ๋จ, ๋๊ฒ์คํ๊ทธ๋จ, ๋จน์คํ๊ทธ๋จ๐, ๊ตญ์์คํ๊ทธ๋จ, ๋ฌ๋ค๊ตฌ๋ฆฌ๊ทธ๋จ, ์กฐ์์คํ๊ทธ๋จ, ์ฐธ์น์คํ๊ทธ๋จ, ๋ธ๋ฐ์น์คํ๊ทธ๋จ, ์งฌ๋ฝ์คํ๊ทธ๋จ, ์๋ฌ๋๊ทธ๋จ, ๋ฐฐ๋ถ๋ฅด๋ค๊ทธ๋จ๐ท, ์ํ์คํ๊ทธ๋จ, ๋จน์ค๋ค๊ทธ๋จ, ์นํจ๊ทธ๋จ, ์์์คํ๊ทธ๋จ๐ด, ์์ฐ์คํ๊ทธ๋จ, ๋๋จน๊ณ์ถ๋ค๊ทธ๋จ, ํค์น์คํ๊ทธ๋จ, ํ๋ฒ๊ฑฐ์คํ๊ทธ๋จ, ํ๋ฒ๊ฑฐ๊ทธ๋จ, ๋ชธ๋ณด์๊ทธ๋จ, ๋ง๋๊ทธ๋จ, ํ๋์ดํ๊ทธ๋จ, ํผ์๊ทธ๋จ, ๋ง์คํ๊ทธ๋จ์์๋, ์๊ณ๊ธฐ์คํ๊ทธ๋จ, ์กด๋ง์คํ๊ทธ๋จ, ๋ง์ง์ถ์ฒ๊ทธ๋จ, ๊ฐ๋น์คํ๊ทธ๋จ, ์๋์์น๊ทธ๋จ, ๋ง์คํ๊ทธ๋จ์, ๋จน์คํ๊ทธ๋จ๊ฟ๋๋ฌด๐ณ, ๋ง์คํ๊ทธ๋จ๊ทธ๋จ, ์ด๋ฆผ๊ทธ๋จ, ํ์ฟก์คํ๊ทธ๋จ๐ณ, ๋จน๋นต๊ทธ๋จ, ์นด๋์คํ๊ทธ๋จ, ๋ง์๋ค๊ทธ๋จ๐, ์๋์คํ๊ทธ๋จ, ํ์ฟก๊ทธ๋จ, ๋ฐฐ๊ณํ์๊ทธ๋จ, ๋จน์คํ๊ทธ๋จ๐, ๊ณ๊ธฐ์คํ๊ทธ๋จ๐, ๋๋๋ง์ง์ธ์คํ๊ทธ๋จ, ๋ผ์ง์คํ๊ทธ๋จ๐ท, ๋ง์คํ๊ทธ๋จ๋จน์คํ๊ทธ๋จ๐ฒ๐๐๐ก๐๐, ์๊ณ๊ธฐ๊ทธ๋จ, ์์ทจ์๋ฆฌ๊ทธ๋จ, ๋ง๋๊ทธ๋จ, ๋จน์๋ค๊ทธ๋จ, ์ฐ๊ฐ์คํ๊ทธ๋จ, ์ง๋ค์ด๊ทธ๋จ, ์ํ์คํ๊ทธ๋จ, ์น๊ตฌ๋๋จน์คํ๊ทธ๋จ, ๋ง๋๋ค๊ทธ๋จ๐, ์๊ณผ์คํ๊ทธ๋จ, ์ผ๊ฒน์ด์คํ๊ทธ๋จ, ์๋น์๋ฆฌ๊ทธ๋จ, ํธ์์๊ทธ๋จ, ์ค์์คํ๊ทธ๋จ",,,,,
์์,"๋นต์คํ๊ทธ๋จ๐, ๋ง์งํฌ์ด๊ทธ๋จ, ์์์ฌ์คํ๊ทธ๋จ, ์ด์ฝ์คํ๊ทธ๋จ, ์ปคํผ์คํ๊ทธ๋จโ๏ธ, ๋ผ์ง๊ทธ๋จ, ์์ฃผ๊ทธ๋จ, ์์นจ๋ฐฅ์คํ๊ทธ๋จ, ์ธ์๊ทธ๋จ, ๋๋ฉด์คํ๊ทธ๋จ, ๋ง์คํ๊ทธ๋จ๐ด, ๋์ธํธ๊ทธ๋จ, ์ค์์คํ๊ทธ๋จ, ์ค๋ฒ์คํ๊ทธ๋จ, ๋ง์คํ๊ทธ๋จ๊ฟ๋๋ฌด, ๋จน๊ณ์ถ๋ค๊ทธ๋จ, ๋ผ๋ผ์คํ๊ทธ๋จ, ๋นต๊ทธ๋จ, ํ์์คํ๊ทธ๋จ, ์์ฌ์คํ๊ทธ๋จ, ๊ตฐ๊ฒ์ง๊ทธ๋จ, ๋ฒ๊ฑฐ์คํ๊ทธ๋จ, ์ผ๊ฒน์ด๊ทธ๋จ, ํ์ฐ์คํ๊ทธ๋จ, ๋ทํ์คํ๊ทธ๋จ, ๊น์น์คํ๊ทธ๋จ, ์ง๋ฐฅ์คํ๊ทธ๋จ๐ก, ๋ฐ์ฐฌ๊ทธ๋จ, ๋จน์คํฐ๊ทธ๋จ, ๋ผ๋ฉ์คํ๊ทธ๋จ, ๋จน๋ณด๊ทธ๋จ, ๋ผ์คํ๊ทธ๋จ, ์ฅ๋ณด๊ธฐ๊ทธ๋จ, ์๋ฆฌ์ฌ๊ทธ๋จ, ๋ธ๋ฐ์น๊ทธ๋จ, ํ๋ฒ์ดํน์คํ๊ทธ๋จ, ๋จน๋ฐฉ์คํ๊ทธ๋จ๐ด, ์ฐ์ด์คํ๊ทธ๋จ, ๋จน๋๋ค๊ทธ๋จ, ๊ตญ๋ฐฅ์คํ๊ทธ๋จ, ๋ง์์ด์๊ทธ๋จ, ์์ธ๊ทธ๋จ, ๋๊ฒ์คํ๊ทธ๋จ, ๋จน์คํ๊ทธ๋จ๐, ๊ตญ์์คํ๊ทธ๋จ, ์กฐ์์คํ๊ทธ๋จ, ํ์ฐจ์คํ๊ทธ๋จ, ์ฐธ์น์คํ๊ทธ๋จ, ์์ด์คํฌ๋ฆผ๊ทธ๋จ, ๋ฐฐ๋ฌ์คํ๊ทธ๋จ, ๋ธ๋ฐ์น์คํ๊ทธ๋จ, ์น๋งฅ์คํ๊ทธ๋จ, ๋ญ๋ฐ์คํ๊ทธ๋จ, ์งฌ๋ฝ์คํ๊ทธ๋จ, ์๋ฌ๋๊ทธ๋จ, ๋ฐฐ๋ถ๋ฅด๋ค๊ทธ๋จ๐ท, ์ฌ์ผ์คํ๊ทธ๋จ, ์ํ์คํ๊ทธ๋จ, ๋จน์ค๋ค๊ทธ๋จ, ์ค๋ฒ๊ทธ๋จ, ๊นํ๊ทธ๋จ, ์นํจ๊ทธ๋จ, ์์์คํ๊ทธ๋จ๐ด, ์์ฐ์คํ๊ทธ๋จ, ๋๋จน๊ณ์ถ๋ค๊ทธ๋จ, ํ๋ฒ๊ฑฐ์คํ๊ทธ๋จ, ์ฐ์์คํ๊ทธ๋จ, ํ๋ฒ๊ฑฐ๊ทธ๋จ, ์์ธ์คํ๊ทธ๋จ๐ท, ๋ชธ๋ณด์๊ทธ๋จ, ๋ง๋๊ทธ๋จ, ํธ์์์คํ๊ทธ๋จ, ํผ์๊ทธ๋จ, ๋ง์คํ๊ทธ๋จ์์๋, ์๊ณ๊ธฐ์คํ๊ทธ๋จ, ์กด๋ง์คํ๊ทธ๋จ, ๋ง์ง์ถ์ฒ๊ทธ๋จ, ๊ฐ๋น์คํ๊ทธ๋จ, ์๋์์น๊ทธ๋จ, ๊ณผ์๊ทธ๋จ, ๋ง์คํ๊ทธ๋จ์, ๋จน์คํ๊ทธ๋จ๊ฟ๋๋ฌด๐ณ, ๋ง์คํ๊ทธ๋จ๊ทธ๋จ, ๊ณผ์ผ๊ทธ๋จ, ๋์ํธ๊ทธ๋จ๐ฐ, ํ์ฟก์คํ๊ทธ๋จ๐ณ, ๋จน๋นต๊ทธ๋จ, ์นด๋์คํ๊ทธ๋จ, ๋ง์๋ค๊ทธ๋จ๐, ์๋์คํ๊ทธ๋จ, ๋ผ๋ผ๊ทธ๋จ, ๋ฐฐ๊ณํ์๊ทธ๋จ, ๋จน์คํ๊ทธ๋จ๐, ๊ณ๊ธฐ์คํ๊ทธ๋จ๐, ๋๋๋ง์ง์ธ์คํ๊ทธ๋จ, ๋ผ์ง์คํ๊ทธ๋จ๐ท, ๊ณต์ฐจ์คํ๊ทธ๋จ, ๋ง์คํ๊ทธ๋จ๋จน์คํ๊ทธ๋จ๐ฒ๐๐๐ก๐๐, ๋น์๊ทธ๋จ, ์๊ณ๊ธฐ๊ทธ๋จ, ์์ทจ์๋ฆฌ๊ทธ๋จ, ๋ง๋๊ทธ๋จ, ๋จน์๋ค๊ทธ๋จ, ์ฐ๊ฐ์คํ๊ทธ๋จ, ์ํ์คํ๊ทธ๋จ, ์น๊ตฌ๋๋จน์คํ๊ทธ๋จ, ์์ด์คํฌ๋ฆผ์คํ๊ทธ๋จ, ๋ง๋๋ค๊ทธ๋จ๐, ํฐํ์๊ทธ๋จ, ๊ตฐ๊ฒ์ง์คํ๊ทธ๋จ, ์๋ฃ๊ทธ๋จ, ์๊ณผ์คํ๊ทธ๋จ, ์ผ๊ฒน์ด์คํ๊ทธ๋จ, ์๋น์๋ฆฌ๊ทธ๋จ, ํธ์์๊ทธ๋จ, ์ค์์คํ๊ทธ๋จ",,,,,
ํธ๋,"๋นต์คํ๊ทธ๋จ๐, ๋ง์งํฌ์ด๊ทธ๋จ, ์ด์ฝ์คํ๊ทธ๋จ, ์ปคํผ์คํ๊ทธ๋จโ๏ธ, ๋ผ์ง๊ทธ๋จ, ์์ฃผ๊ทธ๋จ, ์์นจ๋ฐฅ์คํ๊ทธ๋จ, ์ธ์๊ทธ๋จ, ๋๋ฉด์คํ๊ทธ๋จ, ๋ง์คํ๊ทธ๋จ๐ด, ๋์ธํธ๊ทธ๋จ, ์ค์, ์คํ๊ทธ๋จ, ์ค๋ฒ์คํ๊ทธ๋จ, ๋ง์คํ๊ทธ๋จ๊ฟ๋๋ฌด, ๋จน๊ณ์ถ๋ค๊ทธ๋จ, ๋ผ๋ผ์คํ๊ทธ๋จ, ๋นต๊ทธ๋จ, ํ์์คํ๊ทธ๋จ, ์์ฌ์คํ๊ทธ๋จ, ๊ตฐ๊ฒ์ง๊ทธ๋จ, ๋ฒ๊ฑฐ์คํ๊ทธ๋จ, ์ผ๊ฒน์ด๊ทธ๋จ, ํ์ฐ์คํ๊ทธ๋จ, ๋ทํ์คํ๊ทธ๋จ, ๊น์น์คํ๊ทธ๋จ, ์ง๋ฐฅ์คํ๊ทธ๋จ๐ก, ๋ฐ์ฐฌ๊ทธ๋จ, ๋จน์คํฐ๊ทธ๋จ, ๋ผ๋ฉ์คํ๊ทธ๋จ, ๋จน๋ณด๊ทธ๋จ, ๋ผ์คํ๊ทธ๋จ, ์ฅ๋ณด๊ธฐ๊ทธ๋จ, ์๋ฆฌ์ฌ๊ทธ๋จ, ๋ธ๋ฐ์น๊ทธ๋จ, ํ๋ฒ์ดํน์คํ๊ทธ๋จ, ๋จน๋ฐฉ์คํ๊ทธ๋จ๐ด, ์ฐ์ด์คํ๊ทธ๋จ, ๋จน๋๋ค๊ทธ๋จ, ๊ตญ๋ฐฅ์คํ๊ทธ๋จ, ๋ง์์ด์๊ทธ๋จ, ์์ธ๊ทธ๋จ, ๋๊ฒ์คํ๊ทธ๋จ, ๋จน์คํ๊ทธ๋จ๐, ๊ตญ์์คํ๊ทธ๋จ, ๋ฌ๋ค๊ตฌ๋ฆฌ๊ทธ๋จ, ์กฐ์์คํ๊ทธ๋จ, ํ์ฐจ์คํ๊ทธ๋จ, ์ฐธ์น์คํ๊ทธ๋จ, ์์ด์คํฌ๋ฆผ๊ทธ๋จ, ๋ฐฐ๋ฌ์คํ๊ทธ๋จ, ๋ธ๋ฐ์น์คํ๊ทธ๋จ, ์น๋งฅ์คํ๊ทธ๋จ, ๋ญ๋ฐ์คํ๊ทธ๋จ, ์งฌ๋ฝ์คํ๊ทธ๋จ, ์๋ฌ๋๊ทธ๋จ, ๋ฐฐ๋ถ๋ฅด๋ค๊ทธ๋จ๐ท, ์ฌ์ผ์คํ๊ทธ๋จ, ์ํ์คํ๊ทธ๋จ, ๋จน์ค๋ค๊ทธ๋จ, ์ค๋ฒ๊ทธ๋จ, ๊นํ๊ทธ๋จ, ์นํจ๊ทธ๋จ, ์์์คํ๊ทธ๋จ๐ด, ์์ฐ์คํ๊ทธ๋จ, ๋๋จน๊ณ์ถ๋ค๊ทธ๋จ, ํ๋ฒ๊ฑฐ์คํ๊ทธ๋จ, ์ฐ์์คํ๊ทธ๋จ, ํ๋ฒ๊ฑฐ๊ทธ๋จ, ์์ธ์คํ๊ทธ๋จ๐ท, ๋ชธ๋ณด์๊ทธ๋จ, ๋ง๋๊ทธ๋จ, ํธ์์์คํ๊ทธ๋จ, ํผ์๊ทธ๋จ, ๋ง์คํ๊ทธ๋จ์์๋, ์๊ณ๊ธฐ์คํ๊ทธ๋จ, ์กด๋ง์คํ๊ทธ๋จ, ๋ง์ง์ถ์ฒ๊ทธ๋จ, ๊ฐ๋น์คํ๊ทธ๋จ, ์๋์์น๊ทธ๋จ, ๊ณผ์๊ทธ๋จ, ๋ง์คํ๊ทธ๋จ์, ๋จน์คํ๊ทธ๋จ๊ฟ๋๋ฌด๐ณ, ๋ง์คํ๊ทธ๋จ๊ทธ๋จ, ๊ณผ์ผ๊ทธ๋จ, ๋์ํธ๊ทธ๋จ๐ฐ, ํ์ฟก์คํ๊ทธ๋จ๐ณ, ๋จน๋นต๊ทธ๋จ, ์นด๋์คํ๊ทธ๋จ, ๋ง์๋ค๊ทธ๋จ๐, ์๋์คํ๊ทธ๋จ, ๋ผ๋ผ๊ทธ๋จ, ๋ฐฐ๊ณํ์๊ทธ๋จ, ๋จน์คํ๊ทธ๋จ๐, ๊ณ๊ธฐ์คํ๊ทธ๋จ๐, ๋๋๋ง์ง์ธ์คํ๊ทธ๋จ, ๋ผ์ง์คํ๊ทธ๋จ๐ท, ๊ณต์ฐจ์คํ๊ทธ๋จ, ๋ง์คํ๊ทธ๋จ๋จน์คํ๊ทธ๋จ๐ฒ๐๐๐ก๐๐, ๋น์๊ทธ๋จ, ์๊ณ๊ธฐ๊ทธ๋จ, ์์ทจ์๋ฆฌ๊ทธ๋จ, ๋ง๋๊ทธ๋จ, ๋จน์๋ค๊ทธ๋จ, ์ฐ๊ฐ์คํ๊ทธ๋จ, ์ํ์คํ๊ทธ๋จ, ์น๊ตฌ๋๋จน์คํ๊ทธ๋จ, ์์ด์คํฌ๋ฆผ์คํ๊ทธ๋จ, ๋ง๋๋ค๊ทธ๋จ๐, ํฐํ์๊ทธ๋จ, ๊ตฐ๊ฒ์ง์คํ๊ทธ๋จ, ์๋ฃ๊ทธ๋จ, ์๊ณผ์คํ๊ทธ๋จ, ์ผ๊ฒน์ด์คํ๊ทธ๋จ, ์๋น์๋ฆฌ๊ทธ๋จ, ํธ์์๊ทธ๋จ, ์ค์์คํ๊ทธ๋จ",,,,,
์ํฅ,"์์คํ๊ทธ๋จ, ์์ฃผ๊ทธ๋จ, ์์ธ๊ทธ๋จ, ์ง์์คํ๊ทธ๋จ, ์น๋งฅ์คํ๊ทธ๋จ, ์ฌ์ผ์คํ๊ทธ๋จ, ๋ง๊ฑธ๋ฆฌ์คํ๊ทธ๋จ, ์์ธ์คํ๊ทธ๋จ๐ท, ๋ธ๋๋ฐฉ์คํ๊ทธ๋จ, ์์ฃผ๊ทธ๋จ, ์ดํ์ธ์คํ๊ทธ๋จ, ์์คํ๊ทธ๋จ๐บ, ์์ฃผ๊ทธ๋จ, ์์ทจ์คํ๊ทธ๋จ, ์์ง์คํ๊ทธ๋จ, ์ฐธ์ด์ฌ๊ทธ๋จ",,,,,
์,"์์คํ๊ทธ๋จ, ์์ฃผ๊ทธ๋จ, ์์ธ๊ทธ๋จ, ์ง์์คํ๊ทธ๋จ, ์น๋งฅ์คํ๊ทธ๋จ, ์ฌ์ผ์คํ๊ทธ๋จ, ๋ง๊ฑธ๋ฆฌ์คํ๊ทธ๋จ, ์์ธ์คํ๊ทธ๋จ๐ท, ์์ฃผ๊ทธ๋จ, ์ดํ์ธ์คํ๊ทธ๋จ, ์์คํ๊ทธ๋จ๐บ, ์์ฃผ๊ทธ๋จ, ์์ทจ์คํ๊ทธ๋จ, ์์ง์คํ๊ทธ๋จ, ์ฐธ์ด์ฌ๊ทธ๋จ",,,,,
ํจ์,"๋ชจ๋ธ๊ทธ๋จ, ์๊ธฐ๋ชจ๋ธ๊ทธ๋จ, ํจ์์ธ์คํ๊ทธ๋จ, ์ท์คํ๊ทธ๋จdaily, ํผ์ด์ฑ์คํ๊ทธ๋จ, ์ด๋ํ์คํ๊ทธ๋จ, ์ํผ์ค๊ทธ๋จ, ํจํผ๊ทธ๋จ, ์คํ์ผ์คํ๊ทธ๋จ, ์์ท์คํ๊ทธ๋จ, ์์ํ๊ทธ๋จ, ์์์ฝ๋๊ทธ๋จ, ํค์ฆํจ์์คํ๊ทธ๋จ, ๋ฃจ์ด๋นํต๋ชจ๋ธ๊ทธ๋จ, ์ง๊ตฌ์คํ๊ทธ๋จ, ์ค์คํฐ๋๊ทธ๋จ, ์๋ก๋๋ชจ๋ธ๊ทธ๋จ, ๊ตฌ์์คํ๊ทธ๋จ, ์ธ์ธ๊ทธ๋จ, ์์๊ทธ๋จ, ํค์ฆํจ์๊ทธ๋จ, ์์ฆ๊ทธ๋จ, ์ง๋ฆ์คํ๊ทธ๋จ, ์ปฌ๋ฌ๊ทธ๋จ, ๋๋ผ๋งํจ์๊ทธ๋จ, ๊ตฌ๋์คํ๊ทธ๋จ๋ฐ์ผ๋ฆฌ๊ทธ๋จ, ํจํผ์คํ๊ทธ๋จ, ์ถ๊ทผ๋ฃฉ๊ทธ๋จ, ๋จ์์ท์คํ๊ทธ๋จ",,,,,
๋ทฐํฐ,"๋ฉ์ดํฌ์๊ทธ๋จ, ์ธ์คํ๊ทธ๋จํ๋ก์, ํฅ์๊ทธ๋จ, ๋ฆฌ๋ทฐ๊ทธ๋จ, ๋ฌธ์์คํ๊ทธ๋จ, ๋ทฐ๊ทธ๋จ, ๊ณต๊ตฌ์คํ๊ทธ๋จ, ์๋์น๊ทธ๋จ, ๋ทฐํฐ์ธ์คํ๊ทธ๋จ, ์ํตํ๋ก๊ทธ๋จ, ๋์ฆ์คํ๊ทธ๋จ, ๋ทฐํฐํ๊ทธ๋จ, ์๊ธ๋ผ์คํ๊ทธ๋จ, ์ง๋ฆ์คํ๊ทธ๋จ, ๋ทฐํฐ์คํ๊ทธ๋จ๐",,,,,
๋ค์ผ/ ์๋์น/ ๋ฌธ์,"์ค๋ค์ผ๊ทธ๋จ, ์๋์น๊ทธ๋จ, ๋ฌธ์์คํ๊ทธ๋จ, ์ค๋ค์ผ์คํ๊ทธ๋จ, ์ปฌ๋ฌ๊ทธ๋จ, ๋ฐ์คํ๊ทธ๋จ๐ฃ, ์์ฑ์คํ๊ทธ๋จ",,,,,
ํค์ด,", ์คํ์ผ์คํ๊ทธ๋จ, ๋ฏธ์ฉ์ค๊ทธ๋จ, ๋ฏธ์ฉ๊ทธ๋จ, ๋ฏธ์ฉ์ฌ๊ทธ๋จ, ์ปฌ๋ฌ๊ทธ๋จ, ์ดํธ์คํ๊ทธ๋จ",,,,,
ํ์ฅํ,"๋ฉ์ดํฌ์๊ทธ๋จ, ๋ฆฌ๋ทฐ๊ทธ๋จ, ๋ทฐ๊ทธ๋จ, ์๋์น๊ทธ๋จ, ๋ทฐํฐ์ธ์คํ๊ทธ๋จ, ",,,,,
์ฝ์ค๋ฉํฑ,"๋ฉ์ดํฌ์๊ทธ๋จ, ํฅ์๊ทธ๋จ, ๋ทฐ๊ทธ๋จ, ์๋์น๊ทธ๋จ, ๋ทฐํฐ์ธ์คํ๊ทธ๋จ, ๋์ฆ์คํ๊ทธ๋จ, ์ดํธ์คํ๊ทธ๋จ",,,,,
์คํฌ์ธ,"์ฐํ์คํ๊ทธ๋จ, ๋ณด๋ํ๊ทธ๋จ, ๋ฌ๋ฆฌ๊ธฐ์คํ๊ทธ๋จ, ๋ณผ๋ง์คํ๊ทธ๋จ๐ณ, ์ผ๊ตฌ๊ทธ๋จ, ์ํ์คํ๊ทธ๋จ, ํ์ด์คํ๊ทธ๋จ, ์กฐ๊น์คํ๊ทธ๋จ, ์ผ๊ตฌ์คํ๊ทธ๋จโพ, ์คํค์คํ๊ทธ๋จ, ๋ฑ์ฐ์คํ๊ทธ๋จ๐ฒ๐ณ๐ฟ, ์๋๊ทธ๋จ, ๋ณผ๋ง๊ทธ๋จ, ๋ฐ๋์คํ๊ทธ๋จ, ์ถ๊ตฌํ๊ทธ๋จ, ๋น๊ตฌ์คํ๊ทธ๋จ, ์ถ๊ตฌ๊ทธ๋จ, ํด๋ผ์ด๋ฐ๊ทธ๋จ, ์ง๊ด์คํ๊ทธ๋จ, ์น๋ง์คํ๊ทธ๋จ, ๊ณจํ์คํ๊ทธ๋จโณ๏ธโณ๏ธโณ๏ธ, ๋ค์ด๋น์คํ๊ทธ๋จ, ์ด์คํ๊ทธ๋จ๐ช, ์ค๋ธ์ฐ๋ณด๋๊ทธ๋จ, ํ๊ถ๋๊ทธ๋จ",,,,,
ํฌ์ค,"ํผํธ๋์คํ๊ทธ๋จ, ๋๋ฐ๋๊ทธ๋จ, ์กฐ๊น์คํ๊ทธ๋จ, ๋ค๋ฆฌ์คํ๊ทธ๋จ, ํ์ดํ๊ทธ๋จ, ๋ฐ๋์คํ๊ทธ๋จ, ๋ค์ด์ดํธํ๋ก๊ทธ๋จ, ๋ฐ๋๊ทธ๋จ, ๊ด๋ฆฌ์คํ๊ทธ๋จ, ๋ฑ์คํ๊ทธ๋จ, ํํธ๋์ด๋์คํ๊ทธ๋จ, ๋ชธ์คํ๊ทธ๋จ๋, ๋ชธ๋งค๊ทธ๋จ, ๋ค์ง์คํ๊ทธ๋จ, ์ด๋ํ์๊ทธ๋จ, ํด๋ํ๋ก๊ทธ๋จ, ๊ฑท๊ธฐ์คํ๊ทธ๋จ, ํ๋์คํ๊ทธ๋จ, ๋ชธ์คํ๊ทธ๋จ์ธ์ฒ, ์ด์คํ๊ทธ๋จ๐ช, ์๋จ์ผ๊ธฐ๊ทธ๋จ,",,,,,
๊ฑด๊ฐ,"๋๋ฐ๋๊ทธ๋จ, ์กฐ๊น์คํ๊ทธ๋จ, ํ์ดํ๊ทธ๋จ, ๋ค์ด์ดํธํ๋ก๊ทธ๋จ, ๋ฐ๋๊ทธ๋จ, ๊ด๋ฆฌ์คํ๊ทธ๋จ, ํํธ๋์ด๋์คํ๊ทธ๋จ, ๋ชธ๋ณด์๊ทธ๋จ, ์์์๊ทธ๋จ, ๋ค์ง์คํ๊ทธ๋จ, ์ด๋ํ์๊ทธ๋จ, ํด๋ํ๋ก๊ทธ๋จ, ๊ฑท๊ธฐ์คํ๊ทธ๋จ, ์ด์คํ๊ทธ๋จ๐ช, ์๋จ์ผ๊ธฐ๊ทธ๋จ",,,,,
๊ณจํ,๊ณจํ์คํ๊ทธ๋จโณ๏ธโณ๏ธโณ๏ธ,,,,,
๊ฐ์กฑ,"์ฐ๋์๊ทธ๋จ, ์น์์คํ๊ทธ๋จ, ํ์์คํ๊ทธ๋จ๐ฌ, ์์๊ทธ๋จ, ์ฐ๋์์คํ๊ทธ๋จ, ์กฐ์นด์คํ๊ทธ๋จ๐, ์ผ๋จ๋งค์คํ๊ทธ๋จ, ๋จํธ๊ทธ๋จ, ์๋ด์คํ๊ทธ๋จ, ๊ฐ์กฑ์ฌํ๊ทธ๋จ, ์ผ์ด์คํ๊ทธ๋จ, ์ด๋ชจ๊ทธ๋จ, ์๋น๋ถ๋ถ๊ทธ๋จ, ๋ถ๋๊ทธ๋จ, ์๋์คํ๊ทธ๋จ, ๋จ๋งค๊ทธ๋จ๐ฆ๐ป๐ง๐ป, ์ฌ์ด์คํ๊ทธ๋จ, ๋จ๋งค์คํ๊ทธ๋จ๐ฆ๐ป๐ง๐ป, ์กฐ์นด์ฌ๋๊ทธ๋จ, ํจ๋์คํ๊ทธ๋จ, ๋จ๋งค์คํ๊ทธ๋จ๐ซ๐, ๊ฐ์กฑ์คํ๊ทธ๋จ๐, ๋ฉฐ๋๋ฆฌ์คํ๊ทธ๋จ, ๋ถ๋ถ์คํ๊ทธ๋จ๐, ํจ๋ฐ๋ฆฌ์คํ๊ทธ๋จ, ๋จ๋งค๊ทธ๋จ๐ซ, ๋ถ๋ถ๊ทธ๋จ๐, ์๋งค๊ทธ๋จ๐ญ, ์ํผ๋ถ๋ถ๊ทธ๋จ๐, ๊ฐ์กฑ์คํ๊ทธ๋จ๐ช๐, ๋๋์คํ๊ทธ๋จ, ํจ๋๊ทธ๋จ, ์๋น๋ถ๋ถ์คํ๊ทธ๋จ, ์ธ์๋งค๊ทธ๋จ, ๊ฐ์กฑ๊ทธ๋จ๐ช",,,,,
ํค์ฆ,"๋ฒ์ด๋น๊ทธ๋จ๐ถ, ์ด๋ฑ๋ง์คํ๊ทธ๋จ, ์๋ค๊ทธ๋จ๐ถ, ๋ค๋ฅ์ด๊ทธ๋จ, ์ฒซ์งธ์คํ๊ทธ๋จ, ์๋ค๋ธ์คํ๊ทธ๋จ, ๋ฑ์์คํ๊ทธ๋จ, ์๊ธฐ๋ชจ๋ธ๊ทธ๋จ, ๋ธ์ฌ๋๊ทธ๋จ, ๋ธ๋ฅ์ด๊ทธ๋จ, ์ฑ์ฅ๊ทธ๋จ, ๋ง๋ฅ์ด๊ทธ๋จ,์ก์๋ง์ผ์๊ทธ๋จ, ์ผ์ง์คํ๊ทธ๋จ, ์ง์ฅ๋ง์คํ๊ทธ๋จ, ์์๋ง์คํ๊ทธ๋จ, ์์ฃผ๋ง์คํ๊ทธ๋จ, ์ฐ๋์์คํ๊ทธ๋จ, ๊นํฌ๋ง๊ทธ๋จ, ์กฐ์นด์คํ๊ทธ๋จ๐, ์ผ๋จ๋งค์คํ๊ทธ๋จ, ๋์ด์คํ๊ทธ๋จ, ๋ธ๊ทธ๋จ๐, ์์์ฝ๋๊ทธ๋จ, ๋ค๋ฅ์ด์คํ๊ทธ๋จ, ์ถ์ฐ์คํ๊ทธ๋จ, ํค์นด๊ทธ๋จ, ์ธ์ฒ๋ง์คํ๊ทธ๋จ, ์ผ์ฐ๋ง์คํ๊ทธ๋จ, ํค์ฆํจ์์คํ๊ทธ๋จ, ์ฐ๋์๊ทธ๋จ, ๊ณต์ฃผ๊ทธ๋จ, ์๊ธฐ์ผ์๊ทธ๋จ, ์๋ค๋ฐ๋ณด๊ทธ๋จ๐, ์ถ์ฒ๋ง์คํ๊ทธ๋จ, ์๊ธฐ๊ทธ๋จ, ์์คํ๊ทธ๋จ์ก์, ๊นํด๋ง๊ทธ๋จ, ํ๊ต์คํ๊ทธ๋จ, ๋ชจ์๊ทธ๋จ, ์๋ค์คํ๊ทธ๋จ๐ถ๐ป, ๋ง๋ด์คํ๊ทธ๋จ, ์ฐฝ์๋ง์คํ๊ทธ๋จ, ์ญ๋์คํ๊ทธ๋จ, ์๋ฉ์คํ๊ทธ๋จ, ์๋ค๋ธ๊ทธ๋จ, ์ก๋๋ง์คํ๊ทธ๋จ, ์๊ธฐ์ธ์คํ๊ทธ๋จ, ์ญ์คํ๊ทธ๋จ, ์ธ๋๋ธ๊ทธ๋จ, ๋ถ์ฐ๋ง๊ทธ๋จ, ๊ณต๊ตฌ์คํ๊ทธ๋จ, ๋ธ์๋ง๊ทธ๋จ, ๊ท์ฌ์์๊ทธ๋จ, ์๋๋ง๊ทธ๋จ, ์๊ธฐ์คํ๊ทธ๋จ๐๐ถ, ๋จ๋งค๋ง๊ทธ๋จ, ์ด๋ฉ๋ง๊ทธ๋จ, ๋ฅ์ด๋ง์คํ๊ทธ๋จ, ์๋ค์คํ๊ทธ๋จ๐ถ, ์์ญ์คํ๊ทธ๋จ, ํฌ์ก์๊ทธ๋จ, ์๋ค์ก์๊ทธ๋จ, ์๋ค์ฌ๋๊ทธ๋จ, ์ฃผ๋ง์ก์๊ทธ๋จ, ๋ธ์๋๊ทธ๋จ, ์๋ค๋ฐ๋ณด์คํ๊ทธ๋จ, ๋จ๋งค๋ง์คํ๊ทธ๋จ, ์ก์์คํ๊ทธ๋จ์ผ์, ์ธ๋์คํ๊ทธ๋จ, ๋์๋ง์คํ๊ทธ๋จ, ์ธ์คํํค์ฆ๊ทธ๋จ, ์์ฐ๋ถ๊ทธ๋จ๐คฐ, ์๋์คํ๊ทธ๋จ, ๋ฒ์ด๋น๊ทธ๋จ๐ผ, ๋ง์คํ๊ทธ๋จ๐ฉ, ๊ท์ค์คํ๊ทธ๋จ, ์๋น์ก์๊ทธ๋จ, ์ด์ฌ์คํ๊ทธ๋จ, ์ฒซ์งธ๊ทธ๋จ, ๋ธ์ก์๊ทธ๋จ, ์๋ค๋๋ง๊ทธ๋จ, ๋ธ๋๋ฏธ์คํ๊ทธ๋จ, ๋ชฉ์์คํ๊ทธ๋จ, ํจ๋์คํ๊ทธ๋จ, ์ญ๋๊ทธ๋จ, ๋ค์ฏ์ด๊ทธ๋จ, ์๋ค๋จ์คํ๊ทธ๋จ, ๋ฌธ์ผ๊ทธ๋จ, ์๋ค์๋๊ทธ๋จ, ์ฃผ์๊ทธ๋จ, ๋ฑ์๊ทธ๋จ, ์์น์๊ทธ๋จ, ํค์ฆํจ์๊ทธ๋จ, ๋ฌธ์ผ์คํ๊ทธ๋จ, ๋ถ์๊ทธ๋จ, ๋ฒ์ด๋น์คํ๊ทธ๋จ๐ผ, ๋ค๋ฅ๋ง๊ทธ๋จ, ๋ธ์คํ๊ทธ๋จ๐ฏ, ์ฌ๋ํด๊ทธ๋จโค๏ธ, ๋ธ๋ฐ๋ณด๊ทธ๋จ๐, ๋ง๋ง๋ฐ๊ทธ๋จ, ๋ธ์คํ๊ทธ๋จโค๏ธ, ๋ฐฉํ๊ทธ๋จ, ์์ฃผ๊ทธ๋จ, ๋ธ๋ฐ๋ณด์๋น๊ทธ๋จ, ์๋ค๋๊ทธ๋จ, ์๋ค๋์คํ๊ทธ๋จ, ์๋ค๋ด๋ฏธ๊ทธ๋จ, ํ์์คํ๊ทธ๋จ, ์์ฃผ์คํ๊ทธ๋จ, ๋ค๋ฅ์ด๋ง์คํ๊ทธ๋จ, ๋ธ๋๊ตฌ์คํ๊ทธ๋จ, ์์น์์คํ๊ทธ๋จ, ์์๊ทธ๋จ, ๋ฒ์ด๋น์คํ๊ทธ๋จ๐ถ๐ป, ์ง์ฝ๊ทธ๋จ, ๋ค๋ฅ์ด๋ง๊ทธ๋จ, ๋ด์๋ผ์คํ๊ทธ๋จ, ๋ธ๋์คํ๊ทธ๋จ, ์ผํ์๊ทธ๋จ, ๊ฑด๊ฐํ์๊ทธ๋จ, ์๋ค์คํ๊ทธ๋จ์ผ์, ์ก์๋น๊ทธ๋จ, ์๋๋ฏธ์ํ๋ก๊ทธ๋จ, ์๋ค์๋ง๊ทธ๋จ, ์์จ์คํ๊ทธ๋จ, ์ก์์ผ๊ธฐ๊ทธ๋จ, ๋ธ๋ฐ๋ณด์๋ง๊ทธ๋จ, ์ฃผ๋์ด์คํ๊ทธ๋จ, ํ์ฃผ๋ง์คํ๊ทธ๋จ, ์์ฃผ๋ง์คํ๊ทธ๋จ, ์์ฐ๋ง๊ทธ๋จ, ์๋น์์๋ค๊ทธ๋จ, ์๋ง์๋ธ๊ทธ๋จ, ์๋น์คํ๊ทธ๋จ, ํจ๋๊ทธ๋จ, ์ด๋ฆฐ์ด์ง์คํ๊ทธ๋จ, ์๊ธฐ์คํ๊ทธ๋จ๐ถ, 4์ด์คํ๊ทธ๋จ, ํ์์คํ๊ทธ๋จ",,,,,
์ก์,"๋ฒ์ด๋น๊ทธ๋จ๐ถ, ์ด๋ฑ๋ง์คํ๊ทธ๋จ, ์๋ค๊ทธ๋จ๐ถ, ๋ค๋ฅ์ด๊ทธ๋จ, ์ฒซ์งธ์คํ๊ทธ๋จ, ๊ต์ก์คํ๊ทธ๋จ, ์๋ค๋ธ์คํ๊ทธ๋จ, ๋ฑ์์คํ๊ทธ๋จ, ๋ธ์ฌ๋๊ทธ๋จ, ๋ธ๋ฅ์ด๊ทธ๋จ, ์ฑ์ฅ๊ทธ๋จ, ๊ทธ๋ฆผ์ฑ์คํ๊ทธ๋จ, ๋ง๋ฅ์ด๊ทธ๋จ, ์ก์๋ง์ผ์๊ทธ๋จ, ์ผ์ง์คํ๊ทธ๋จ, ์ง์ฅ๋ง์คํ๊ทธ๋จ, ์์๋ง์คํ๊ทธ๋จ, ์์ฃผ๋ง์คํ๊ทธ๋จ, ์ฐ๋์์คํ๊ทธ๋จ, ๊นํฌ๋ง๊ทธ๋จ, ๋์ด์คํ๊ทธ๋จ, ๋ธ๊ทธ๋จ๐, ์ง์ฝ์คํ๊ทธ๋จ, ํํ์คํ๊ทธ๋จ, ๋ค๋ฅ์ด์คํ๊ทธ๋จ, ์ถ์ฐ์คํ๊ทธ๋จ, ์ง์ฅ๋ง๊ทธ๋จ, ํค์นด๊ทธ๋จ, ์ธ์ฒ๋ง์คํ๊ทธ๋จ, ์ฑ์ก์์คํ๊ทธ๋จ, ์ผ์ฐ๋ง์คํ๊ทธ๋จ, ์ฐ๋์๊ทธ๋จ, ๊ณต์ฃผ๊ทธ๋จ, ์๊ธฐ์ผ์๊ทธ๋จ, ์๋ค๋ฐ๋ณด๊ทธ๋จ๐, ์ถ์ฒ๋ง์คํ๊ทธ๋จ, ์๊ธฐ๊ทธ๋จ, ์์คํ๊ทธ๋จ์ก์, ๊นํด๋ง๊ทธ๋จ, ๋ฝ๋ฝ์คํ๊ทธ๋จ, ํ๊ต์คํ๊ทธ๋จ, ๋ชจ์๊ทธ๋จ, ์๋ค์คํ๊ทธ๋จ๐ถ๐ป, ๋ง๋ด์คํ๊ทธ๋จ, ์ฐฝ์๋ง์คํ๊ทธ๋จ, ์ญ๋์คํ๊ทธ๋จ, ์๋ฉ์คํ๊ทธ๋จ, ์๋ค๋ธ๊ทธ๋จ, ์ก๋๋ง์คํ๊ทธ๋จ, ์๊ธฐ์ธ์คํ๊ทธ๋จ, ์ญ์คํ๊ทธ๋จ, ์ธ๋๋ธ๊ทธ๋จ, ์ด๋ชจ๊ทธ๋จ, ๋ถ์ฐ๋ง๊ทธ๋จ, ๊ณต๊ตฌ์คํ๊ทธ๋จ, ๋ธ์๋ง๊ทธ๋จ, ๊ท์ฌ์์๊ทธ๋จ, ์๋๋ง๊ทธ๋จ, ์๊ธฐ์คํ๊ทธ๋จ๐๐ถ, ๋จ๋งค๋ง๊ทธ๋จ, ์ด๋ฉ๋ง๊ทธ๋จ, ์ค๋ง๋๋ผ๊ทธ๋จ, ๋ฅ์ด๋ง์คํ๊ทธ๋จ, ์๋ค์คํ๊ทธ๋จ๐ถ, ํฌ์ก์๊ทธ๋จ, ์๋ค์ก์๊ทธ๋จ, ์๋ค์ฌ๋๊ทธ๋จ, ์ฃผ๋ง์ก์๊ทธ๋จ, ๋ธ์๋๊ทธ๋จ, ์๋ค๋ฐ๋ณด์คํ๊ทธ๋จ, ๋จ๋งค๋ง์คํ๊ทธ๋จ, ์ก์์คํ๊ทธ๋จ์ผ์, ์ค๋ง๊ทธ๋จ๐ช, ๋ถ๋ชจ์คํ๊ทธ๋จ, ์ธ๋์คํ๊ทธ๋จ, ๋์๋ง์คํ๊ทธ๋จ, ์์ฐ๋ถ๊ทธ๋จ๐คฐ, ๋ฒ์ด๋น๊ทธ๋จ๐ผ, ๋ง์คํ๊ทธ๋จ๐ฉ, ๊ท์ค์คํ๊ทธ๋จ, ์๋น์ก์๊ทธ๋จ, ์ด์ฌ์คํ๊ทธ๋จ, ์ฒซ์งธ๊ทธ๋จ, ๋ธ์ก์๊ทธ๋จ, ์๋ค๋๋ง๊ทธ๋จ, ๋ธ๋๋ฏธ์คํ๊ทธ๋จ, ๋ชฉ์์คํ๊ทธ๋จ, ํจ๋์คํ๊ทธ๋จ, ์ญ๋๊ทธ๋จ, ๋ค์ฏ์ด๊ทธ๋จ, ์๋ค๋จ์คํ๊ทธ๋จ, ๋ฌธ์ผ๊ทธ๋จ, ์๋ค์๋๊ทธ๋จ, ์ฃผ์๊ทธ๋จ, ๋ฑ์๊ทธ๋จ, ์ค์คํ๊ทธ๋จ์ข์์, ์์น์๊ทธ๋จ, ๋ฌธ์ผ์คํ๊ทธ๋จ, ์ก์์ก๋ฌ๊ทธ๋จ, ๋ถ์๊ทธ๋จ, ๋ฒ์ด๋น์คํ๊ทธ๋จ๐ผ, ๋ค๋ฅ๋ง๊ทธ๋จ, ๋ธ์คํ๊ทธ๋จ๐ฏ, ์ฌ๋ํด๊ทธ๋จโค๏ธ, ๋ธ๋ฐ๋ณด๊ทธ๋จ๐, ๋ง๋ง๋ฐ๊ทธ๋จ, ๋ธ์คํ๊ทธ๋จโค๏ธ, ๋ฐฉํ๊ทธ๋จ, ์์ฃผ๊ทธ๋จ, ๋ธ๋ฐ๋ณด์๋น๊ทธ๋จ, ์๋ค๋๊ทธ๋จ, ์๋ค๋์คํ๊ทธ๋จ, ์๋ค๋ด๋ฏธ๊ทธ๋จ, ํ์์คํ๊ทธ๋จ, ์์ฃผ์คํ๊ทธ๋จ, ๋ค๋ฅ์ด๋ง์คํ๊ทธ๋จ, ๋ธ๋๊ตฌ์คํ๊ทธ๋จ, ๋์ด๊ทธ๋จ, ์์น์์คํ๊ทธ๋จ, ์์๊ทธ๋จ, ๋ฒ์ด๋น์คํ๊ทธ๋จ๐ถ๐ป, ์ง์ฝ๊ทธ๋จ, ๋ค๋ฅ์ด๋ง๊ทธ๋จ, ๋ด์๋ผ์คํ๊ทธ๋จ, ๋ธ๋์คํ๊ทธ๋จ, ์ผํ์๊ทธ๋จ, ๊ฑด๊ฐํ์๊ทธ๋จ, ์๋ค์คํ๊ทธ๋จ์ผ์, ์ก์๋น๊ทธ๋จ, ์๋ค์๋ง๊ทธ๋จ, ์์จ์คํ๊ทธ๋จ, ์ก์์ผ๊ธฐ๊ทธ๋จ, ๋ธ๋ฐ๋ณด์๋ง๊ทธ๋จ, ๊ณต์์คํ๊ทธ๋จ, ํ์ฃผ๋ง์คํ๊ทธ๋จ, ์์ฃผ๋ง์คํ๊ทธ๋จ, ์์ฐ๋ง๊ทธ๋จ, ์๋น์์๋ค๊ทธ๋จ, ์๋ถ๋์คํ๊ทธ๋จ, ์๋น์์๋ค๊ทธ๋จ, ์๋ง์๋ธ๊ทธ๋จ, ์๋น์คํ๊ทธ๋จ, ํจ๋๊ทธ๋จ, ์ฐ๋ชจ์คํ๊ทธ๋จ, ๋ง์ญ์คํ๊ทธ๋จ, ์๊ธฐ์คํ๊ทธ๋จ๐ถ, 4์ด์คํ๊ทธ๋จ, ํ์์คํ๊ทธ๋จ",,,,,
ํ๋ฆฌ๋น,"๋ฆฌ๋น์คํ๊ทธ๋จ, ์ํ์ธํ๋ฆฌ์ด๊ทธ๋จ, ์บ๋ค์คํ๊ทธ๋จ, ์๋ฆฌ์คํ๊ทธ๋จ, ์์์คํ๊ทธ๋จ, ์ง๊ทธ๋จ, ํ๊ทธ๋จ, ์ฃผ๋ถ์คํ๊ทธ๋จ๐, ์ฃผ๋ถ์ผ์๊ทธ๋จ, ๊ท๋์คํ๊ทธ๋จ, ์นจ์ค์คํ๊ทธ๋จ, ์์์คํ๊ทธ๋จ, ์กฐ๋ช์คํ๊ทธ๋จ, ์ฝ๋ฐ๋๊ทธ๋จ, ํ๋ฒ์ดํน์คํ๊ทธ๋จ, ์์ค์คํ๊ทธ๋จ, ๋ถ์์คํ๊ทธ๋จ, ๊ณต๊ตฌ์คํ๊ทธ๋จ, ๊ณต๋ฐฉ์คํ๊ทธ๋จ, ์ง๊ตฌ์คํ๊ทธ๋จ, ์์์คํ๊ทธ๋จ, ๋ฐ๋์ง๊ทธ๋จ, ๋ฐฉ๊พธ๋ฏธ๊ธฐ๊ทธ๋จ, ์๋จ๊ฐ๊ทธ๋จ, ํค์น์คํ๊ทธ๋จ, ํ์คํ๊ทธ๋จ๐ก, ํ๋์ดํ๊ทธ๋จ, ๊ฐ๊ตฌ๊ทธ๋จ, ์ด๋ฆผ๊ทธ๋จ, ์ค๋์์ง๊ทธ๋จ, ์ฌ๋ฌด์ค๊ทธ๋จ, ์นจ๋์คํ๊ทธ๋จ, ๊ฐํ์คํ๊ทธ๋จ, ์ง๋ค์ด๊ทธ๋จ, ์ฒญ์๊ทธ๋จ, ๋์๊ธฐ์คํ๊ทธ๋จ, ํ์ธํ๋ฆฌ์ด๊ทธ๋จ",,,,,
์์ฐ,"๊ฝ์คํ๊ทธ๋จ๐บ๐ท๐ธ๐, ํ๊ฒฝ์ฌ์ง๊ทธ๋จ, ํ๋๊ทธ๋จ, ํด์์คํ๊ทธ๋จ, ๊ท๋์คํ๊ทธ๋จ, ๋ฑ์ฐ์คํ๊ทธ๋จ๐ฒ๐ณ๐ฟ, ๋์จ์ข๋ค๊ทธ๋จ, ํ๊ฐ์คํ๊ทธ๋จ, ์ผ๋ชฐ์คํ๊ทธ๋จ, ๋จํ์คํ๊ทธ๋จ, ์ฐ์คํ๊ทธ๋จ๐ณ๐ฒ๐ฟ, ๊ณ๊ณก์คํ๊ทธ๋จ, ๋ค์ก์ด๊ทธ๋จ, ๋์จ๊ทธ๋จ, ๊ฝ์คํ๊ทธ๋จ๐, ์ผ์ถ์คํ๊ทธ๋จ, ๊ณต์์คํ๊ทธ๋จ, ์ฌ์คํ๊ทธ๋จ, ์์์คํ๊ทธ๋จ, ์๋ฌผ์คํ๊ทธ๋จ๐ฟ",,,,,
์๋ฌผ,"๊ฝ์คํ๊ทธ๋จ๐บ๐ท๐ธ๐, ์๋ฌผ๊ทธ๋จ, ๋ค์ก์ด๊ทธ๋จ, ๊ฝ์คํ๊ทธ๋จ๐, ์์์คํ๊ทธ๋จ, ์๋ฌผ์คํ๊ทธ๋จ๐ฟ",,,,,
๊ฝ,"๊ฝ์คํ๊ทธ๋จ๐บ๐ท๐ธ๐, ๋ถ์ผ์คํ๊ทธ๋จ, ๋ค์ก์ด๊ทธ๋จ, ๊ฝ์คํ๊ทธ๋จ๐, ์์์คํ๊ทธ๋จ, ์๋ฌผ์คํ๊ทธ๋จ๐ฟ",,,,,
์ํฐํ์ธ๋จผํธ,"๋ฎค์ง์ปฌ์คํ๊ทธ๋จ, ์ฐ๊ทน์คํ๊ทธ๋จ, ์ฝ์ํธ๊ทธ๋จ, ์๋ฅํ๋ก๊ทธ๋จ, ์๊ณก์คํ๊ทธ๋จ, ์์ญ์คํ๊ทธ๋จ, ๋๋ผ๋ง๊ทธ๋จ, ๋ฎค์ง์ปฌ๊ทธ๋จ, ์์ด๋์คํ๊ทธ๋จ, ๋ฐด๋์คํ๊ทธ๋จ, ๋๋ผ๋งํจ์๊ทธ๋จ, ์๋ฅ์คํ๊ทธ๋จ, ๋ฎค๋น์คํ๊ทธ๋จ",,,,,
์ฐ์์ธ,"์ฐ์์ธ์คํ๊ทธ๋จ, ์ฐ์์ธ๊ทธ๋จ, ๊ฐ๋ค๋์์คํ๊ทธ๋จ, ์์ด๋์คํ๊ทธ๋จ, ๋ฌด๋น์คํ๊ทธ๋จ๐ฌ, ๋ฎค๋น์คํ๊ทธ๋จ, gdragon์ธ์คํ๊ทธ๋จ์๋ฐ์ดํธ, ๊ฐ๋ค๋์์ธ์คํ๊ทธ๋จ",,,,,
์์,"์์์ถ์ฒ๊ทธ๋จ, ์ฝ์ํธ๊ทธ๋จ, ์ฐ์ฃผ์คํ๊ทธ๋จ, ์๊ณก์คํ๊ทธ๋จ, ๋ธ๋์ถ์ฒ์คํ๊ทธ๋จ, ๋ณด์ปฌ์คํ๊ทธ๋จ, ์์คํ๊ทธ๋จ๐ถ, ํํฉ์คํ๊ทธ๋จ, ๋ธ๋๋ฐฉ์คํ๊ทธ๋จ, ๋ฐด๋์คํ๊ทธ๋จ, ์์๊ทธ๋จ, ์ปค๋ฒ์คํ๊ทธ๋จ, ์์์คํ๊ทธ๋จ๐ง",,,,,
์ํ,"์ํ์คํ๊ทธ๋จ๐ฌ, ๋ฌผ๋์ด๊ทธ๋จ, ๋ฌด๋น์คํ๊ทธ๋จ๐ฌ, ํผ์์คํ๊ทธ๋จ, ์ํ์ถ์ฒ๊ทธ๋จ",,,,,
์์,"๋ฎค์ง์ปฌ์คํ๊ทธ๋จ, ์ฐ๊ทน์คํ๊ทธ๋จ, ์นํฐ๊ทธ๋จ, ์ํธ๊ทธ๋จ, ๋ก๊ณ์คํ๊ทธ๋จ, ์์์คํ๊ทธ๋จ, ๊ฑด์ถ์คํ๊ทธ๋จ, ์๊ทธ๋ฆผ์คํ๊ทธ๋จ, ๋ฌด์ฉ์คํ๊ทธ๋จ, ๋ฎค์ง์ปฌ๊ทธ๋จ, ๋งํ๊ทธ๋จ, ํฌ์ํธ๊ทธ๋จ, ์นํฐ์คํ๊ทธ๋จ, ์๋ฌ์คํ๊ทธ๋จ, ๊ณต์์คํ๊ทธ๋จ, ๊ทธ๋ฆผ์คํ๊ทธ๋จ๋งํ, ์บ๋ฆฌ๊ทธ๋ผํผ๊ทธ๋จ,",,,,,
๊ต์ก,"๊ณต๋ถ๊ทธ๋จ, ๊ต์ก์คํ๊ทธ๋จ, ์๋น๊ณ2๊ณต์คํ๊ทธ๋จ, ๊ทธ๋ฆผ์ฑ์คํ๊ทธ๋จ, ํ์ต์คํ๊ทธ๋จ, ๊ณต์คํ๊ทธ๋จ์ข๋ฐ, 03๋์๊ณต์คํ๊ทธ๋จ, ์์๋์คํ๊ทธ๋จ, 04๋์๊ณต์คํ๊ทธ๋จ, ํ์์คํ๊ทธ๋จ, ๊ณ๋ฑํ์๊ณต์คํ๊ทธ๋จ, 05๋์๊ณต์คํ๊ทธ๋จ, ๊ฐ์์คํ๊ทธ๋จ, ์ญ์ฌ์คํ๊ทธ๋จ, ๊ณต์คํ๊ทธ๋จ๋ง๋งํ, 02๋์๊ณต์คํ๊ทธ๋จ, ์๋๋ฏธ์ํ๋ก๊ทธ๋จ, ๊ต์กํ๋ก๊ทธ๋จ, ์ค๊ตญ์ด์คํ๊ทธ๋จ, ๋์๊ธฐ์คํ๊ทธ๋จ, ์ด๋ฆฐ์ด์ง์คํ๊ทธ๋จ, ์ํ์คํ๊ทธ๋จ, ์์์คํ๊ทธ๋จ",,,,,
๊ฐ์,"๊ณต๋ถ๊ทธ๋จ, ์๋น๊ณ2๊ณต์คํ๊ทธ๋จ, ํ์ต์คํ๊ทธ๋จ, ๊ณต์คํ๊ทธ๋จ์ข๋ฐ, 03๋์๊ณต์คํ๊ทธ๋จ, ์์๋์คํ๊ทธ๋จ, 04๋์๊ณต์คํ๊ทธ๋จ, ํ์์คํ๊ทธ๋จ, ๊ณ๋ฑํ์๊ณต์คํ๊ทธ๋จ, 05๋์๊ณต์คํ๊ทธ๋จ, ๊ฐ์์คํ๊ทธ๋จ, ๊ณต์คํ๊ทธ๋จ๋ง๋งํ, 02๋์๊ณต์คํ๊ทธ๋จ, ์ค๊ตญ์ด์คํ๊ทธ๋จ, ์์์คํ๊ทธ๋จ",,,,,
๊ณต๋ถ,"๊ณต๋ถ๊ทธ๋จ, ๊ณต๋ถ๋ฒ์คํ๊ทธ๋จ, ํ๊ธฐ์คํ๊ทธ๋จ, ์๋น๊ณ2๊ณต์คํ๊ทธ๋จ, ํ์ต์คํ๊ทธ๋จ, ๊ฐํธํ๊ณผ๊ณต์คํ๊ทธ๋จ, ๊ณต์คํ๊ทธ๋จ์ข๋ฐ, 03๋์๊ณต์คํ๊ทธ๋จ, ๊ณต์์คํ๊ทธ๋จ, ์ฌ์์คํ๊ทธ๋จ, 04๋์๊ณต์คํ๊ทธ๋จ, ๊ณต๋ถ์คํ๊ทธ๋จ๐โ, ํ์์คํ๊ทธ๋จ, ๊ณ๋ฑํ์๊ณต์คํ๊ทธ๋จ, 05๋์๊ณต์คํ๊ทธ๋จ, ์ทจ์ค์คํ๊ทธ๋จ, ์ทจ์์คํ๊ทธ๋จ, ๊ณต์คํ๊ทธ๋จ๋ง๋งํ, 02๋์๊ณต์คํ๊ทธ๋จ, ์ํ์คํ๊ทธ๋จ,",,,,,
๋์,"๋ถ๊ทธ๋จ, ๋์์คํ๊ทธ๋จ๐, ๋ถ์คํ๊ทธ๋จ๐, ์ฑ์ก์์คํ๊ทธ๋จ, ์ฑ์คํ๊ทธ๋จ๐, ๋์์คํ๊ทธ๋จ, ์์์คํ๊ทธ๋จ",,,,,
ํ์,"๋ํ์๊ทธ๋จ, ์๋น๊ณ2๊ณต์คํ๊ทธ๋จ, ๊ณต์คํ๊ทธ๋จ์ข๋ฐ, ๋ํ์์คํ๊ทธ๋จ, 03๋์๊ณต์คํ๊ทธ๋จ, 04๋์๊ณต์คํ๊ทธ๋จ, ๊ณ๋ฑํ์๊ณต์คํ๊ทธ๋จ, ์ํ์๊ทธ๋จ, ๋ํ์คํ๊ทธ๋จ, 05๋์๊ณต์คํ๊ทธ๋จ, ๋๋ฉ์คํ๊ทธ๋จ, ์กธ์์คํ๊ทธ๋จ, ๊ณต์คํ๊ทธ๋จ๋ง๋งํ, 02๋์๊ณต์คํ๊ทธ๋จ, ์ฌ๊ณ์์คํ๊ทธ๋จ",,,,,
์น๊ตฌ,"๊ณต๋ถ๋ฒ์คํ๊ทธ๋จ, ์น๊ตฌ์คํ๊ทธ๋จ๐ญ, ์ถ์ตํ์ด๊ทธ๋จ, ์์น๊ทธ๋จ, ๋ฒํ์คํ๊ทธ๋จ, ์ฒญ์ถ์คํ๊ทธ๋จ, ์ฐ์์คํ๊ทธ๋จ๐ญ, ๋๊ธฐ์คํ๊ทธ๋จ, ์ฐ์์คํ๊ทธ๋จ๐,",,,,,
์ง์ฅ,"์์์ฌ์คํ๊ทธ๋จ, ์น๊ณผ์คํ๊ทธ๋จ, ์๋ฐ์คํ๊ทธ๋จ, ์ง์ฅ๋ง์คํ๊ทธ๋จ, ์ง์ฅ๋ง๊ทธ๋จ, ์์๋์คํ๊ทธ๋จ, ์๋ฆฌ์ฌ๊ทธ๋จ, ์ฐฝ์์คํ๊ทธ๋จ, ๋ฏธ์ฉ์ฌ๊ทธ๋จ, ๊ฑด์ถ์คํ๊ทธ๋จ, ๋๊ธฐ์คํ๊ทธ๋จ, ์ฌ์ฃผ์ถ์ฅ๊ทธ๋จ, ๋ฐ์๋ค๊ทธ๋จ, ์์์คํ๊ทธ๋จ, ์ทจ์ค์คํ๊ทธ๋จ, ์น๋ฌด์์คํ๊ทธ๋จ, ์ง์ฅ๊ทธ๋จ, ์๋ฐ๊ทธ๋จ, ์ทจ์์คํ๊ทธ๋จ, ํ์ฌ์์คํ๊ทธ๋จ, ๊ฐํธ์ฌ์คํ๊ทธ๋จ, ์์ฌ์คํ๊ทธ๋จ, ์น๊ณผ๊ทธ๋จ, ์ฌ๋ฌด์ค๊ทธ๋จ, ํ์ฌ๊ทธ๋จ",,,,,
์ง์,"์์์ฌ์คํ๊ทธ๋จ, ์น๊ณผ์คํ๊ทธ๋จ, ์๋ฐ์คํ๊ทธ๋จ, ๊ฐํธํ๊ณผ๊ณต์คํ๊ทธ๋จ, ์์๋์คํ๊ทธ๋จ, ์๋ฆฌ์ฌ๊ทธ๋จ, ์ฐฝ์์คํ๊ทธ๋จ, ๋ฏธ์ฉ์ฌ๊ทธ๋จ, ๊ฑด์ถ์คํ๊ทธ๋จ, ์์์คํ๊ทธ๋จ, ์น๋ฌด์์คํ๊ทธ๋จ, ์๋ฐ๊ทธ๋จ, ๊ฐํธ์ฌ์คํ๊ทธ๋จ, ์์ฌ์คํ๊ทธ๋จ, ์น๊ณผ๊ทธ๋จ, ๋์คํ๊ทธ๋จ๐, ์์ธ์คํ๊ทธ๋จ, ์น๋ฌด์๊ทธ๋จ",,,,,
์ธ๋ฌผ (์บ๋ฆญํฐ),"ํ๋๊ทธ๋จ, ์ธ๋ฌผ์คํ๊ทธ๋จ, ์ค๋ง๊ทธ๋จ๐ฉ, ๊ฐ๋ค๋์์คํ๊ทธ๋จ, ์ฌ์๊ทธ๋จ, ์์์จ๊ทธ๋จ, ๋ผ์ด์ธ๊ทธ๋จ, ์ค๋ง์คํ๊ทธ๋จ๐, ์๋ถ๋์คํ๊ทธ๋จ, gdragon์ธ์คํ๊ทธ๋จ์๋ฐ์ดํธ, ๊ฐ๋ค๋์์ธ์คํ๊ทธ๋จ",,,,,
์ทจ๋ฏธ,"๋จ๊ฐ๊ทธ๋จ, ๋ฐ์ดํฌ๊ทธ๋จ, ๋ณผ๋ง์คํ๊ทธ๋จ๐ณ, ์์์คํ๊ทธ๋จ, ๊ฑดํ๋ผ๊ทธ๋จ, ์ฝ๋ฐ๋๊ทธ๋จ, ์ํธ๊ทธ๋จ, ์๋๊ทธ๋จ, ํค๋ํธ์คํ๊ทธ๋จ, ๋ฐ๋์ง๊ทธ๋จ, ๋ณผ๋ง๊ทธ๋จ, ์์์คํ๊ทธ๋จ, ๋ฐฐ์คํ๊ทธ๋จ, ์๋จ๊ฐ๊ทธ๋จ, ์นํฐ์คํ๊ทธ๋จ, ๋ง๋ค๊ธฐ์คํ๊ทธ๋จ, ์คํ๋ฐ์ด์คํ๊ทธ๋จ, ๋น๊ตฌ์คํ๊ทธ๋จ, ๊ณต์์คํ๊ทธ๋จ, ๋ด๋ง๋๋ก๊ทธ๋จ, ๊ทธ๋ฆผ์คํ๊ทธ๋จ๋งํ, ์ธํ๊ทธ๋จ, ๋์ํ๊ทธ๋จ, ์ํ์คํ๊ทธ๋จ, ์น๋ง์คํ๊ทธ๋จ, ๋์๊ธฐ์คํ๊ทธ๋จ, ๋์ง๊ทธ๋จ",,,,,
์์ธ์ฌ๋ฆฌ,"์๊ธ๋ผ์ค๊ทธ๋จ, ์์ธ์ฌ๋ฆฌ์คํ๊ทธ๋จ, ํผ์ด์ฑ์คํ๊ทธ๋จ, ์ฃผ์ผ๋ฆฌ์คํ๊ทธ๋จ, ๋ฐ์ง๊ทธ๋จ, ์๋ฌผ์คํ๊ทธ๋จ, ๋ชฉ๊ฑธ์ด์คํ๊ทธ๋จ, ๋ชจ์๊ทธ๋จ, ์ฅฌ์ผ๋ฆฌ์คํ๊ทธ๋จ, ์๋ก๋๋ชจ๋ธ๊ทธ๋จ, ์ปคํ๋ง์คํ๊ทธ๋จ, ์๊ธ๋ผ์คํ๊ทธ๋จ, ๋ชฉ๊ฑธ์ด๊ทธ๋จ, ํ์ฐ๊ทธ๋จ, ์ง๋ฆ์คํ๊ทธ๋จ",,,,,
์ฌํ,"์ฐํ์คํ๊ทธ๋จ, ์ฌํ์คํ๊ทธ๋จjeju, ๋นํ์คํ๊ทธ๋จ, ์ถ์ตํ์ด๊ทธ๋จ, ๋๋์๊ทธ๋จ, ์ํ์คํ๊ทธ๋จ, ์ฐํด๊ทธ๋จ, ์์ฃผ์ฌํ์คํ๊ทธ๋จ, ๊ฐ์กฑ์ฌํ๊ทธ๋จ, ๊ด์คํ๊ทธ๋จ, ํธ์บ์ค๊ทธ๋จ, ์คํค์คํ๊ทธ๋จ, ๊ณตํญ์คํ๊ทธ๋จ, ์ฌํ์คํ๊ทธ๋จ๐, ์ฌํ์คํ๊ทธ๋จ๐, ๋๊ฐ๊ณ์ถ๋ค๊ทธ๋จ, ์ญ์ฌ์คํ๊ทธ๋จ, ์ฌํ๊ฐ๊ณ์ถ๋ค๊ทธ๋จ, ๋จํ์คํ๊ทธ๋จ, ๊ณ๊ณก์คํ๊ทธ๋จ, ํธ๋๋ธ๊ทธ๋จ, ์ํ์คํ๊ทธ๋จ, ๊ฐ๊ณ์ถ๋ค๊ทธ๋จ, ์น๋ฌด์๊ทธ๋จ, ๋ค์ด๋น์คํ๊ทธ๋จ, ํด๊ฐ์คํ๊ทธ๋จ๐ด, ์ฌ์คํ๊ทธ๋จ, ์ค๋ธ์ฐ๋ณด๋๊ทธ๋จ, ์ฌํ์๊ทธ๋จ",,,,,
ํํฌ,,,,,,
๋์งํธ,"์นํฐ๊ทธ๋จ, ๋ฐฐ๊ทธ์คํ๊ทธ๋จ, ์นํฐ์คํ๊ทธ๋จ, ๋กค์คํ๊ทธ๋จ, ์ธ์คํํฐ๊ทธ๋จ, ์์๊ทธ๋จ, ์นด๋ฉ๋ผ์คํ๊ทธ๋จ, ์นด๋ฉ๋ผ๊ทธ๋จ",,,,,
์ฝํ์ธ,,,,,,
์ปฌ์ณ,๋ฌธํ์คํ๊ทธ๋จ,,,,,
์คํผ์,,,,,,
์ง์ญ,"์ฌํ์คํ๊ทธ๋จjeju, ์์ฃผ๋ง์คํ๊ทธ๋จ, ๊นํฌ๋ง๊ทธ๋จ, ์์ฃผ์ฌํ์คํ๊ทธ๋จ, ์ธ์ฒ๋ง์คํ๊ทธ๋จ, ์ผ์ฐ๋ง์คํ๊ทธ๋จ, ์ถ์ฒ๋ง์คํ๊ทธ๋จ, ๊นํด๋ง๊ทธ๋จ, ์ฐฝ์๋ง์คํ๊ทธ๋จ, ์ก๋๋ง์คํ๊ทธ๋จ, ๋๋ค์คํ๊ทธ๋จ, ๋ถ์ฐ๋ง๊ทธ๋จ, ์์ฃผ์ผ์์คํ๊ทธ๋จ, ์ฌ์ฃผ์ถ์ฅ๊ทธ๋จ, ๋์๋ง์คํ๊ทธ๋จ, ๋๋๋ง์ง์ธ์คํ๊ทธ๋จ, ์ถ์ฒ์คํ๊ทธ๋จ, ํ์ฃผ๋ง์คํ๊ทธ๋จ, ์์ฃผ๋ง์คํ๊ทธ๋จ, ์์ฐ๋ง๊ทธ๋จ, ์์ฃผ๋๋ฏผ๊ทธ๋จ",,,,,
์ฌํํฌ,"๋ถ๋์ฐ์คํ๊ทธ๋จ, ์ฃผ์ํ๋ก๊ทธ๋จ, ํฌ์์คํ๊ทธ๋จ",,,,,
๊ธ์ต,"๋ถ๋์ฐ์คํ๊ทธ๋จ, ์ฃผ์ํ๋ก๊ทธ๋จ, ํฌ์์คํ๊ทธ๋จ",,,,,
๊ฒ์,"๋ฐฐ๊ทธ์คํ๊ทธ๋จ, ๋กค์คํ๊ทธ๋จ, ๊ฒ์๊ทธ๋จ, ์ค๋ฒ์คํ๊ทธ๋จ, ๋์ฒํ๊ทธ๋จ",,,,,
์ฒดํ,"๋์ธํ๋์คํ๊ทธ๋จ, ๋ด์ฌ์คํ๊ทธ๋จ, ์ฒดํํ๋ก๊ทธ๋จ",,,,,
๊ด๊ณ,"ํ๋ณด์คํ๊ทธ๋จ, ๋ฐฉ์ก์คํ๊ทธ๋จ, ๋ฆฌ๊ทธ๋จ์ด๋ฒคํธ์งํ์ค",,,,,
๊ฐ๊ทธ,,,,,,
์ฐ์,"๋ฌ๋ธ๊ทธ๋จ, ๊ฝ์์คํ๊ทธ๋จ, ๋ฌ๋ฌ์คํ๊ทธ๋จ, ์ปคํ์คํ๊ทธ๋จ๐, ๋ฝ์คํฐ๊ทธ๋จ, ์์ธ์คํ๊ทธ๋จ, ์ฐ์๊ทธ๋จ, ๋ฐ์ดํธ๊ทธ๋จ๐, ์ฌ๋ํ๋ค๊ทธ๋จ๐, ์ปคํ๋ง์คํ๊ทธ๋จ, ๋ถ๋ถ์คํ๊ทธ๋จ๐, ๋ฝ์คํ๊ทธ๋จ๐, ์ํ์คํ๊ทธ๋จ, ๊ณฐ์๊ทธ๋จ, ์ฌ๋ํด๊ทธ๋จโค๏ธ, ์์์คํ๊ทธ๋จ, ๋ถ๋ถ๊ทธ๋จ๐, ๋ฝ์คํ๊ทธ๋จโฃ๏ธ, ์ํผ๋ถ๋ถ๊ทธ๋จ๐, ๊ฒฐํผ๊ทธ๋จ, ์๋น๋ถ๋ถ์คํ๊ทธ๋จ",,,,,
์๋์ฐจ,"์ค๊ณ์ฐจ๊ทธ๋จ, ํด์๊ทธ๋จ, ์นด์คํ๊ทธ๋จ๐, ์ฐจ์์ด๊ทธ๋จ,  ๋๋ผ์ด๋ธ๊ทธ๋จ, ์ด์์คํ๊ทธ๋จ, ์ธ์ฐจ๊ทธ๋จ, ์ฐจ๊ทธ๋จ, ์ํผ์นด๊ทธ๋จ, ์ค๊ณ์ฐจ์คํ๊ทธ๋จ",,,,,
์๋ฌผ,"์ฃผ์ผ๋ฆฌ์คํ๊ทธ๋จ, ๋ฐ์ง๊ทธ๋จ, ์ปคํ๋ง์คํ๊ทธ๋จ, ์๋ฌผ์คํ๊ทธ๋จ, ๋ชฉ๊ฑธ์ด์คํ๊ทธ๋จ, ์ฅฌ์ผ๋ฆฌ์คํ๊ทธ๋จ, ๋ชฉ๊ฑธ์ด๊ทธ๋จ, ํ์ฐ๊ทธ๋จ",,,,,
์ฌ์ง,"์ธ์ฆ์ท๊ทธ๋จ, ์ธ๋ฌผ์คํ๊ทธ๋จ, ํ๊ฒฝ์ฌ์ง๊ทธ๋จ, ์ค๋์คํ๊ทธ๋จ, ํ๋ฆ์คํ๊ทธ๋จ, ์ฌ์ง์คํ๊ทธ๋จ๐ธ, ์์๊ทธ๋จ, ๊ฐ์ฑ์ฌ์ง๊ทธ๋จ, ๋น๋์ค๊ทธ๋จ, ์ผ๋ชฐ์คํ๊ทธ๋จ, ์นด๋ฉ๋ผ์คํ๊ทธ๋จ, ์ผ์ถ์คํ๊ทธ๋จ, ์นด๋ฉ๋ผ๊ทธ๋จ",,,,,
๊ฐ์ฑ,"์์์๊ทธ๋จ, ์ธ์์คํ๊ทธ๋จ, ์์คํ๊ทธ๋จ, ์์ธ์ด๊ทธ๋จ, ์์ท์คํ๊ทธ๋จ, ๊ธ์์ด๊ทธ๋จ, ๋ช์ธ๊ทธ๋จ, ๊ฐ์ฑ๊ธ๊ท์คํ๊ทธ๋จ, ์๋ฒฝ๊ทธ๋จ, ์ฐ์ธ์คํ๊ทธ๋จ, ์ด๋ณ์คํ๊ทธ๋จ, ๊ฐ์ฑ์ฌ์ง๊ทธ๋จ, ๊ฐฌ์ฑ๊ทธ๋จ, ๊ธ๊ท์คํ๊ทธ๋จ๐, ์๊ฐ๊ทธ๋จ, ๊ณต๊ฐ๊ธ๊ทธ๋จ, ๊ธ๊ทธ๋จ์ดํ, ๋ถ์๊ธฐ์คํ๊ทธ๋จ, ์๋ก์คํ๊ทธ๋จ, ๋ํ๋ก๊ทธ๋จ, ๊ฐ์ฑ๊ธ์คํ๊ทธ๋จ, ์บ๋ฆฌ๊ทธ๋ผํผ๊ทธ๋จ, ๋ถ์๊ธฐ๊ทธ๋จ, ์์ธ์คํ๊ทธ๋จ, ์์๊ธ๊ทธ๋จ, ์๋ก๊ธ๊ท๊ทธ๋จ, ์์์์คํ๊ทธ๋จ",,,,,
๊ธฐ๋ถ,"๋ฉ์๋ค๊ทธ๋จ, ์ฌ์ฌํ๋ค๊ทธ๋จ, ํ๋ณต์คํ๊ทธ๋จ๐, ๋ถ๋ฝ๋ค๊ทธ๋จ, ์ด์๋ค๊ทธ๋จ๐ธ, ํผ๊ณค์คํ๊ทธ๋จ, ๊ฐ์ฌํฉ๋๋ค๊ทธ๋จ, ์์ฝ๋ค๊ทธ๋จ, ๋ฌ๋ธ๋ฆฌ๊ทธ๋จ, ํ๋ณตํด๊ทธ๋จ, ์กธ๋ฆฌ๋ค๊ทธ๋จ, ์ฌ๋ฏธ์คํ๊ทธ๋จ, ์์ํ๋ค๊ทธ๋จ, ์ฐ์ธ์คํ๊ทธ๋จ, ๊ฐ๊ณ์ถ๋ค๊ทธ๋จ, ๋์จ์ข๋ค๊ทธ๋จ, ๊ท์ฌ์์๊ทธ๋จ, ์์๋ค๊ทธ๋จ๐, ํ์ดํ๊ทธ๋จ, ๋กํ์คํ๊ทธ๋จ, ์ฌ๋ํ๋ค๊ทธ๋จ๐, ์์๊ฒผ๋ค๊ทธ๋จ, ํ๋ณตํ๋ค๊ทธ๋จ๐, ์ถํ์คํ๊ทธ๋จ, ๋ฐ์๋ค๊ทธ๋จ, ์์์คํ๊ทธ๋จ, ์คํธ๋์ค๊ทธ๋จ, ๊ท์ค์คํ๊ทธ๋จ, ๊ธฐ๋ถ์ข๋ค๊ทธ๋จ, ์ฆ๊ธฐ์๊ทธ๋จ, ๋ํผ์๊ทธ๋จ, ์ด๋ต๋ค๊ทธ๋จ, ์ฌ์ฌ์คํ๊ทธ๋จ, ์ฌ๋ํด๊ทธ๋จโค๏ธ, ๊ณ๋ง๋ค๊ทธ๋จ๐, ์ฆ๊ฒ๋ค๊ทธ๋จ๐ถ, ์ฌ์ฌ๊ทธ๋จ, ์ฌ๋ฏธ์๋ค๊ทธ๋จ, ๊ฐ๋๊ทธ๋จ, ๊ทธ๋ฅ๊ทธ๋จ, ์๋๊ทธ๋จ, ๊ฐ๊ณ์ถ๋ค๊ทธ๋จ, ์์จ๋ค๊ทธ๋จ, ์ฌ๊ณ์ถ๋ค๊ทธ๋จ, ์์ฐ์คํ๊ทธ๋จ, ๊ท์ฝ๋ค๊ทธ๋จ๐, ์ด์์ฒ๊ทธ๋จ, ์ด์์คํ๊ทธ๋จ, ํผ๊ณคํ๋ค๊ทธ๋จ๐ด, ์ฌ๋ฏธ์ง๋ค๊ทธ๋จ, ๋ฏธ์ํ๋ค๊ทธ๋จ",,,,,
์์นด,"์ธ์ฆ์ท๊ทธ๋จ, ์์ท์คํ๊ทธ๋จ, ์ผ๊ตด๊ทธ๋จ, ์ผ์์ผ๊ทธ๋จ, ์์คํฐ๊ทธ๋จ, ์์คํ๊ทธ๋จ2, ์์ผ์คํ๊ทธ๋จ, ์ผ์คํฐ๊ทธ๋จ, ์ผ์คํ๊ทธ๋จselfie, ๋ทฐํฐํ๊ทธ๋จ, ์ํผ๊ทธ๋จ๐, ์ํผ์คํ๊ทธ๋จ์ํผ, ๋ฏผ๋ฏ์คํ๊ทธ๋จ, ์์นด์คํ๊ทธ๋จ๐ท, ๊ฑฐ์ธ์์นด๊ทธ๋จ, ์ผ์คํ๊ทธ๋จ2, ์๊ฐ๊ทธ๋จ",,,,,
์ฌ๊ฐ,"๋ฐ์ดํฌ๊ทธ๋จ, ์ฐํด๊ทธ๋จ, ๋๋ผ์ด๋ธ๊ทธ๋จ, ํธ์บ์ค๊ทธ๋จ, ๋ฌผ๋์ด๊ทธ๋จ, ๋ฐฐ์คํ๊ทธ๋จ, ์คํ๋ฐ์ด์คํ๊ทธ๋จ, ํด๋ฌด๊ทธ๋จ, ๊ณ๊ณก์คํ๊ทธ๋จ, ๋์ํ๊ทธ๋จ, ์ํ์คํ๊ทธ๋จ, ํด๊ฐ์คํ๊ทธ๋จ๐ด",,,,,
๊ธฐ๋ก,"ํ๊ธฐ์คํ๊ทธ๋จ, ํ๊ธฐ์คํ๊ทธ๋จ, ์๊ธ์จ์คํ๊ทธ๋จ, ๊ธ์ฐ๊ธฐ๊ทธ๋จ, ์์์๊ทธ๋จ, ์์คํ๊ทธ๋จ, ์์ธ์ด๊ทธ๋จ, ๊ธ์์ด๊ทธ๋จ, ๋ช์ธ๊ทธ๋จ, ๊ฐ์ฑ๊ธ๊ท์คํ๊ทธ๋จ, ๋์ํ๊ทธ๋จ, ์ฐ์ธ์คํ๊ทธ๋จ, ์ด๋ณ์คํ๊ทธ๋จ, ๊ธ๊ท์คํ๊ทธ๋จ๐, ์๊ฐ๊ทธ๋จ, ๊ณต๊ฐ๊ธ๊ทธ๋จ, ๊ธ๊ทธ๋จ์ดํ, ํธ์ง์คํ๊ทธ๋จ, ์ธ์คํํฐ๊ทธ๋จ, ๊ธฐ๋ก๊ทธ๋จ, ๊ฐ์ฑ๊ธ์คํ๊ทธ๋จ, ์บ๋ฆฌ๊ทธ๋ผํผ๊ทธ๋จ, ์์ธ์คํ๊ทธ๋จ, ์์๊ธ๊ทธ๋จ, ๋์๊ทธ๋จ, ์๋ก๊ธ๊ท๊ทธ๋จ, ์์์์คํ๊ทธ๋จ, ์๋จ์ผ๊ธฐ๊ทธ๋จ",,,,,
์ข๊ต,"๋ฌต์์คํ๊ทธ๋จ, ์ฃผ์ผ์คํ๊ทธ๋จ, ์ฐฌ์์คํ๊ทธ๋จ, ๊ธฐ๋๊ต์คํ๊ทธ๋จ",,,,,
ํฌ์์๊ตฌ/์๋ชจํ,"๋ค์ด์ด๋ฆฌ์คํ๊ทธ๋จ, ๋ฌธ๋์คํ๊ทธ๋จ, ๊ฑดํ๋ผ๊ทธ๋จ, ํ์คํ๊ทธ๋จ, ์ค๊พธ์คํ๊ทธ๋จ, ์์๋ด๋ฐฐ๊ทธ๋จ, ํค๋ํธ์คํ๊ทธ๋จ, ์ธํ๊ทธ๋จ, ์ฌ๋ผ์์คํ๊ทธ๋จ, ๊พธ๋ฏธ๊ธฐ๊ทธ๋จ, ๊ฐํ์คํ๊ทธ๋จ",,,,,
๊ธฐํ,"ํ๋ก์ฐ์คํ๊ทธ๋จ, ์ธ์คํ๊ทธ๋จํ๋ก์๋๋ฆฌ๊ธฐ, ์ธ์คํ๊ทธ๋จ์ฒดํ๋จ, ์ํ๊ทธ๋จ, ์๋๊ทธ๋จ, ๊ด์ข์คํ๊ทธ๋จ, ์ฃผ์คํ๊ทธ๋จ, ์ธ์คํ๊ทธ๋จ์ด๋ณด, ์ธ์คํ๊ทธ๋จ์์, ์ธ์คํ๊ทธ๋จํ๋ก์, ๋ถ์๊ทธ๋จ, ๋๊ธ์คํ๊ทธ๋จ, ํ๋ก์ํ๋ก๊ทธ๋จ, ํ์คํ๊ทธ๋จ, ์์ค์คํ๊ทธ๋จ, ์ํต๊ทธ๋จ๐, ์๋ณด์คํ๊ทธ๋จ, ์ธ์คํ๊ทธ๋จ๐ท, ์ํตํ๋ก๊ทธ๋จ, ๊ณ๋ง์ต๋๋ค๊ทธ๋จ, ์ํต์คํ๊ทธ๋จ๐, ๋ฆฌ๊ทธ๋จ์ด๋ฒคํธ์งํ์ค, ๋ฆฌ๊ทธ๋จํด์ฃผ์ธ์, ์ธ์ฆ์คํ๊ทธ๋จ, ์ข์์๊ทธ๋จ๐, ์ธ์คํ๊ทธ๋จ์ข์์๋๋ฆฌ๊ธฐ, ์ค์คํ๊ทธ๋จ์ข์์, ๋ฆฌ๊ทธ๋จํ๋ฉด๋์ฃผ๋๋ง์ดํด๋ผ์ด์ธํธ, ์ฒซ์ธ์คํ๊ทธ๋จ, ์คํ๊ทธ๋จ์ค๋, ๋ฆฌ๊ทธ๋จ๋ถ์, ์ธ์คํ๊ทธ๋จ๊ทธ๋จ, ์ํต์คํ๊ทธ๋จ๐, ๋ฆฌ์คํ๊ทธ๋จ, ์ธ์คํ์ด๋ณด๊ทธ๋จ, ์ธ์คํ๊ทธ๋จ์ค๋์ธ๊ฐ๋ด๊ฐ",,,,,