귀여운,E1BE7C
귀여운,50AFAF
귀여운,F9EB59
귀여운,EBC0A9
귀여운,F7F18F
귀여운,EFD29C
귀여운,BBD05A
귀여운,E69747
귀여운,F8EA5B
맑은,C1E0DF
맑은,FFFEFF
맑은,F7F7F9
맑은,E5F0F2
맑은,EFF1E1
맑은,FFFFFD
맑은,B5DCEA
맑은,FEFFFB
맑은,CDD2DF
온화한,EAD0DA
온화한,F8F3E5
온화한,C9D4E0
온화한,E7E2EB
온화한,A9A5A9
온화한,F6F7F9
온화한,F1DFC8
온화한,A399AD
온화한,C4DED4
고상한,87723E
고상한,C6BB9F
고상한,797B6A
고상한,E2C3A2
고상한,F3F4E3
고상한,C8BE99
고상한,525954
고상한,D7ABA5
고상한,B7C0B3
고상한,838A87
고상한,656433
고상한,2D3534
고상한,7E7A7D
고상한,525954
점잖은,C07560
점잖은,E9DCC9
점잖은,E2C2A2
점잖은,623321
점잖은,858375
점잖은,3B2B5A
점잖은,624E2B
점잖은,838A87
모던한,F6F7F9
모던한,3B2957
모던한,6E7773
모던한,77312B
모던한,95A2A8
모던한,274F6F
모던한,2D3535
모던한,F5F7F9
모던한,2A5F54
모던한,325179
모던한,667B7D
모던한,454D4F
모던한,000000
모던한,9EA3A1
모던한,315277
다이나믹한,C93431
다이나믹한,060000
다이나믹한,E6964A
다이나믹한,539F76
다이나믹한,F8F093
다이나믹한,527196
다이나믹한,2C679E
다이나믹한,C03E35
다이나믹한,020000
다이나믹한,DA3F38
다이나믹한,314F7D
은은한,E4DFE1
은은한,EBEFF2
은은한,DEDDE1
은은한,C4BB9F
은은한,858A88
은은한,9CB4AF
은은한,FFFFFF
은은한,BCC0C8
은은한,D8D9DF
은은한,EBDFDE
은은한,CFAE9F
은은한,E2E0E2
우아한,838987
우아한,F7F7F7
우아한,C4BB9F
우아한,C1BF9F
우아한,7E7A80
우아한,A3AFA0
우아한,C5B09D
우아한,607D70
우아한,A9A5A9
우아한,525954
우아한,93A5A7
화려한,AD4B3F
화려한,F7F2B7
화려한,53A077
화려한,E59647
화려한,DCE9B7
화려한,1D4148
화려한,AF4A43
화려한,9E9361
화려한,36294D
화려한,513357
화려한,765E6A
화려한,C2B2B0
내츄럴한,D9E2DB
내츄럴한,F4F6E0
내츄럴한,E5E0C7
내츄럴한,F6EB59
내츄럴한,BB8443
내츄럴한,7B793A
내츄럴한,BBAF53
내츄럴한,FAF099
내츄럴한,9D9560
내츄럴한,9C9460
내츄럴한,F6F7F9
내츄럴한,B59F84
내츄럴한,757F73
내츄럴한,A5B0A2
내츄럴한,718342
경쾌한,4AA383
경쾌한,F0F2E1
경쾌한,D7DE53
경쾌한,DD7645
경쾌한,F3C462
경쾌한,F6EA59
경쾌한,2C69A1
경쾌한,FDFFFF
경쾌한,7AA2C0
경쾌한,D6496A
경쾌한,F9F1B9
경쾌한,407AB5